#
# There is insufficient memory for the Java Runtime Environment to continue.
# Native memory allocation (mmap) failed to map 95420416 bytes. Error detail: G1 virtual space
# Possible reasons:
#   The system is out of physical RAM or swap space
#   This process is running with CompressedOops enabled, and the Java Heap may be blocking the growth of the native heap
# Possible solutions:
#   Reduce memory load on the system
#   Increase physical memory or swap space
#   Check if swap backing store is full
#   Decrease Java heap size (-Xmx/-Xms)
#   Decrease number of Java threads
#   Decrease Java thread stack sizes (-Xss)
#   Set larger code cache with -XX:ReservedCodeCacheSize=
#   JVM is running with Unscaled Compressed Oops mode in which the Java heap is
#     placed in the first 4GB address space. The Java Heap base address is the
#     maximum limit for the native heap growth. Please use -XX:HeapBaseMinAddress
#     to set the Java Heap base and to place the Java Heap above 4GB virtual address.
# This output file may be truncated or incomplete.
#
#  Out of Memory Error (os_windows.cpp:3926), pid=32120, tid=11204
#
# JRE version: OpenJDK Runtime Environment (21.0.10) (build 21.0.10+-14961533-b1163.108)
# Java VM: OpenJDK 64-Bit Server VM (21.0.10+-14961533-b1163.108, mixed mode, tiered, compressed oops, compressed class ptrs, g1 gc, windows-amd64)
# No core dump will be written. Minidumps are not enabled by default on client versions of Windows
#

---------------  S U M M A R Y ------------

Command Line: --add-opens=java.base/java.lang=ALL-UNNAMED --add-opens=java.base/java.lang.invoke=ALL-UNNAMED --add-opens=java.base/java.util=ALL-UNNAMED --add-opens=java.prefs/java.util.prefs=ALL-UNNAMED --add-exports=jdk.compiler/com.sun.tools.javac.api=ALL-UNNAMED --add-exports=jdk.compiler/com.sun.tools.javac.util=ALL-UNNAMED --add-opens=java.base/java.util=ALL-UNNAMED --add-opens=java.prefs/java.util.prefs=ALL-UNNAMED --add-opens=java.base/java.nio.charset=ALL-UNNAMED --add-opens=java.base/java.net=ALL-UNNAMED --add-opens=java.base/java.util.concurrent=ALL-UNNAMED --add-opens=java.base/java.util.concurrent.atomic=ALL-UNNAMED --add-opens=java.xml/javax.xml.namespace=ALL-UNNAMED --add-opens=java.base/java.time=ALL-UNNAMED -Xmx2048m -Dfile.encoding=UTF-8 -Duser.country=ID -Duser.language=en -Duser.variant -javaagent:C:\Users\ASUS\.gradle\wrapper\dists\gradle-9.4.1-bin\arn2x92ynaizyzdaamcbpbhtj\gradle-9.4.1\lib\agents\gradle-instrumentation-agent-9.4.1.jar org.gradle.launcher.daemon.bootstrap.GradleDaemon 9.4.1

Host: Intel(R) Core(TM) i5-1035G1 CPU @ 1.00GHz, 8 cores, 3G,  Windows 11 , 64 bit Build 22621 (10.0.22621.3958)
Time: Thu Jun 25 21:03:49 2026 Malay Peninsula Standard Time elapsed time: 233.274284 seconds (0d 0h 3m 53s)

---------------  T H R E A D  ---------------

Current thread (0x00000258bd2d5750):  VMThread "VM Thread"          [id=11204, stack(0x000000c22e100000,0x000000c22e200000) (1024K)]

Stack: [0x000000c22e100000,0x000000c22e200000]
Native frames: (J=compiled Java code, j=interpreted, Vv=VM code, C=native code)
V  [jvm.dll+0x6d78a9]
V  [jvm.dll+0x8665b3]
V  [jvm.dll+0x868bde]
V  [jvm.dll+0x8692c3]
V  [jvm.dll+0x280ee6]
V  [jvm.dll+0x6d4165]
V  [jvm.dll+0x6c77fa]
V  [jvm.dll+0x358f4b]
V  [jvm.dll+0x360bc6]
V  [jvm.dll+0x3b2ea6]
V  [jvm.dll+0x3b3178]
V  [jvm.dll+0x32b65c]
V  [jvm.dll+0x32b6e7]
V  [jvm.dll+0x3715cc]
V  [jvm.dll+0x36fd7e]
V  [jvm.dll+0x32adb1]
V  [jvm.dll+0x36f480]
V  [jvm.dll+0x86f048]
V  [jvm.dll+0x870394]
V  [jvm.dll+0x8708d0]
V  [jvm.dll+0x870b63]
V  [jvm.dll+0x80fd28]
V  [jvm.dll+0x6d60fd]
C  [ucrtbase.dll+0x29333]
C  [KERNEL32.DLL+0x1257d]
C  [ntdll.dll+0x5af08]

VM_Operation (0x000000c2310fb320): G1CollectForAllocation, mode: safepoint, requested by thread 0x00000258c2d29e30


---------------  P R O C E S S  ---------------

Threads class SMR info:
_java_thread_list=0x00000258c87d6f80, length=70, elements={
0x00000258a5beadc0, 0x00000258bd448090, 0x00000258bd449f20, 0x00000258bd453d10,
0x00000258bd47f0c0, 0x00000258bd480da0, 0x00000258bd481800, 0x00000258bd482260,
0x00000258bd48f510, 0x00000258bd4903c0, 0x00000258bd771580, 0x00000258c2deee90,
0x00000258c2b9be50, 0x00000258c37bf4c0, 0x00000258c27c45a0, 0x00000258c48c42d0,
0x00000258c3837a10, 0x00000258c3897230, 0x00000258c3878370, 0x00000258c3876fc0,
0x00000258c3877650, 0x00000258c3877ce0, 0x00000258c4bc4600, 0x00000258c4bc1ea0,
0x00000258c4bc6040, 0x00000258c4bc0460, 0x00000258c4bc0af0, 0x00000258c4bc7a80,
0x00000258c4bc1180, 0x00000258c4bc6d60, 0x00000258c4bc38e0, 0x00000258c4bc2530,
0x00000258c4bc2bc0, 0x00000258c4bc73f0, 0x00000258c4bc1810, 0x00000258c4bc3250,
0x00000258c2d2ecf0, 0x00000258c2d2dfd0, 0x00000258c2d29e30, 0x00000258c2d2fa10,
0x00000258c2d2cc20, 0x00000258c2d2c590, 0x00000258c2d300a0, 0x00000258c2d2f380,
0x00000258c2d2d2b0, 0x00000258c2d2a4c0, 0x00000258c2d2b870, 0x00000258c2d2ab50,
0x00000258c2d84bf0, 0x00000258c2d88700, 0x00000258c8074850, 0x00000258c784bf80,
0x00000258c784c610, 0x00000258c784abd0, 0x00000258c784d330, 0x00000258c784b8f0,
0x00000258c798e730, 0x00000258c7987e30, 0x00000258c798f450, 0x00000258c798ac20,
0x00000258c79884c0, 0x00000258c7988b50, 0x00000258c80720f0, 0x00000258c57ec2d0,
0x00000258c57ebc40, 0x00000258c57eb5b0, 0x00000258c57ec960, 0x00000258c57ef750,
0x00000258c57e94e0, 0x00000258c57ed680
}

Java Threads: ( => current thread )
  0x00000258a5beadc0 JavaThread "main"                              [_thread_blocked, id=36780, stack(0x000000c22da00000,0x000000c22db00000) (1024K)]
  0x00000258bd448090 JavaThread "Common-Cleaner"             daemon [_thread_blocked, id=8748, stack(0x000000c22e200000,0x000000c22e300000) (1024K)]
  0x00000258bd449f20 JavaThread "Reference Handler"          daemon [_thread_blocked, id=18816, stack(0x000000c22e300000,0x000000c22e400000) (1024K)]
  0x00000258bd453d10 JavaThread "Finalizer"                  daemon [_thread_blocked, id=30264, stack(0x000000c22e400000,0x000000c22e500000) (1024K)]
  0x00000258bd47f0c0 JavaThread "Signal Dispatcher"          daemon [_thread_blocked, id=8816, stack(0x000000c22e500000,0x000000c22e600000) (1024K)]
  0x00000258bd480da0 JavaThread "Attach Listener"            daemon [_thread_blocked, id=21284, stack(0x000000c22e600000,0x000000c22e700000) (1024K)]
  0x00000258bd481800 JavaThread "Service Thread"             daemon [_thread_blocked, id=15328, stack(0x000000c22e700000,0x000000c22e800000) (1024K)]
  0x00000258bd482260 JavaThread "Monitor Deflation Thread"   daemon [_thread_blocked, id=10948, stack(0x000000c22e800000,0x000000c22e900000) (1024K)]
  0x00000258bd48f510 JavaThread "C2 CompilerThread0"         daemon [_thread_blocked, id=25784, stack(0x000000c22e900000,0x000000c22ea00000) (1024K)]
  0x00000258bd4903c0 JavaThread "C1 CompilerThread0"         daemon [_thread_blocked, id=35724, stack(0x000000c22ea00000,0x000000c22eb00000) (1024K)]
  0x00000258bd771580 JavaThread "Notification Thread"        daemon [_thread_blocked, id=4124, stack(0x000000c22eb00000,0x000000c22ec00000) (1024K)]
  0x00000258c2deee90 JavaThread "Daemon health stats"               [_thread_blocked, id=1604, stack(0x000000c22f000000,0x000000c22f100000) (1024K)]
  0x00000258c2b9be50 JavaThread "Incoming local TCP Connector on port 63826"        [_thread_in_native, id=27192, stack(0x000000c22f100000,0x000000c22f200000) (1024K)]
  0x00000258c37bf4c0 JavaThread "Daemon periodic checks"            [_thread_blocked, id=14268, stack(0x000000c22f200000,0x000000c22f300000) (1024K)]
  0x00000258c27c45a0 JavaThread "Daemon"                            [_thread_blocked, id=39752, stack(0x000000c22f300000,0x000000c22f400000) (1024K)]
  0x00000258c48c42d0 JavaThread "Handler for socket connection from /127.0.0.1:63826 to /127.0.0.1:63827"        [_thread_in_native, id=36256, stack(0x000000c22f400000,0x000000c22f500000) (1024K)]
  0x00000258c3837a10 JavaThread "Cancel handler"                    [_thread_blocked, id=10784, stack(0x000000c22f800000,0x000000c22f900000) (1024K)]
  0x00000258c3897230 JavaThread "Daemon worker"                     [_thread_blocked, id=936, stack(0x000000c22f900000,0x000000c22fa00000) (1024K)]
  0x00000258c3878370 JavaThread "Asynchronous log dispatcher for DefaultDaemonConnection: socket connection from /127.0.0.1:63826 to /127.0.0.1:63827"        [_thread_blocked, id=23344, stack(0x000000c22fa00000,0x000000c22fb00000) (1024K)]
  0x00000258c3876fc0 JavaThread "Stdin handler"                     [_thread_blocked, id=37176, stack(0x000000c22fc00000,0x000000c22fd00000) (1024K)]
  0x00000258c3877650 JavaThread "Daemon client event forwarder"        [_thread_blocked, id=7400, stack(0x000000c22fd00000,0x000000c22fe00000) (1024K)]
  0x00000258c3877ce0 JavaThread "Cache worker for journal cache (C:\Users\ASUS\.gradle\caches\journal-1)"        [_thread_blocked, id=3320, stack(0x000000c22fe00000,0x000000c22ff00000) (1024K)]
  0x00000258c4bc4600 JavaThread "File lock request listener"        [_thread_in_native, id=35148, stack(0x000000c22ff00000,0x000000c230000000) (1024K)]
  0x00000258c4bc1ea0 JavaThread "Cache worker for file hash cache (C:\Users\ASUS\.gradle\caches\9.4.1\fileHashes)"        [_thread_blocked, id=17588, stack(0x000000c230100000,0x000000c230200000) (1024K)]
  0x00000258c4bc6040 JavaThread "Cache worker for file hash cache (D:\DailyCash\.gradle\9.4.1\fileHashes)"        [_thread_blocked, id=30984, stack(0x000000c230200000,0x000000c230300000) (1024K)]
  0x00000258c4bc0460 JavaThread "Cache worker for Build Output Cleanup Cache (D:\DailyCash\.gradle\buildOutputCleanup)"        [_thread_blocked, id=32624, stack(0x000000c230300000,0x000000c230400000) (1024K)]
  0x00000258c4bc0af0 JavaThread "File watcher server"        daemon [_thread_blocked, id=14124, stack(0x000000c230400000,0x000000c230500000) (1024K)]
  0x00000258c4bc7a80 JavaThread "File watcher consumer"      daemon [_thread_blocked, id=27868, stack(0x000000c230500000,0x000000c230600000) (1024K)]
  0x00000258c4bc1180 JavaThread "Cache worker for file content cache (C:\Users\ASUS\.gradle\caches\9.4.1\fileContent)"        [_thread_blocked, id=32280, stack(0x000000c230600000,0x000000c230700000) (1024K)]
  0x00000258c4bc6d60 JavaThread "Cache worker for checksums cache (D:\DailyCash\.gradle\9.4.1\checksums)"        [_thread_blocked, id=8380, stack(0x000000c230700000,0x000000c230800000) (1024K)]
  0x00000258c4bc38e0 JavaThread "Cache worker for cache directory md-supplier (C:\Users\ASUS\.gradle\caches\9.4.1\md-supplier)"        [_thread_blocked, id=19452, stack(0x000000c230800000,0x000000c230900000) (1024K)]
  0x00000258c4bc2530 JavaThread "Cache worker for cache directory md-rule (C:\Users\ASUS\.gradle\caches\9.4.1\md-rule)"        [_thread_blocked, id=21532, stack(0x000000c230900000,0x000000c230a00000) (1024K)]
  0x00000258c4bc2bc0 JavaThread "jar transforms"                    [_thread_blocked, id=14424, stack(0x000000c230a00000,0x000000c230b00000) (1024K)]
  0x00000258c4bc73f0 JavaThread "jar transforms Thread 2"           [_thread_blocked, id=33744, stack(0x000000c230b00000,0x000000c230c00000) (1024K)]
  0x00000258c4bc1810 JavaThread "jar transforms Thread 3"           [_thread_blocked, id=34956, stack(0x000000c230c00000,0x000000c230d00000) (1024K)]
  0x00000258c4bc3250 JavaThread "jar transforms Thread 4"           [_thread_blocked, id=19192, stack(0x000000c230d00000,0x000000c230e00000) (1024K)]
  0x00000258c2d2ecf0 JavaThread "jar transforms Thread 5"           [_thread_blocked, id=3196, stack(0x000000c230e00000,0x000000c230f00000) (1024K)]
  0x00000258c2d2dfd0 JavaThread "Build operations"                  [_thread_blocked, id=37024, stack(0x000000c230f00000,0x000000c231000000) (1024K)]
  0x00000258c2d29e30 JavaThread "Build operations Thread 2"         [_thread_blocked, id=20308, stack(0x000000c231000000,0x000000c231100000) (1024K)]
  0x00000258c2d2fa10 JavaThread "Build operations Thread 3"         [_thread_blocked, id=14212, stack(0x000000c231100000,0x000000c231200000) (1024K)]
  0x00000258c2d2cc20 JavaThread "Build operations Thread 4"         [_thread_blocked, id=35392, stack(0x000000c231200000,0x000000c231300000) (1024K)]
  0x00000258c2d2c590 JavaThread "Build operations Thread 5"         [_thread_blocked, id=1356, stack(0x000000c231300000,0x000000c231400000) (1024K)]
  0x00000258c2d300a0 JavaThread "Build operations Thread 6"         [_thread_blocked, id=24420, stack(0x000000c231400000,0x000000c231500000) (1024K)]
  0x00000258c2d2f380 JavaThread "Build operations Thread 7"         [_thread_blocked, id=38920, stack(0x000000c231500000,0x000000c231600000) (1024K)]
  0x00000258c2d2d2b0 JavaThread "Build operations Thread 8"         [_thread_blocked, id=24824, stack(0x000000c231600000,0x000000c231700000) (1024K)]
  0x00000258c2d2a4c0 JavaThread "jar transforms Thread 6"           [_thread_blocked, id=14748, stack(0x000000c231700000,0x000000c231800000) (1024K)]
  0x00000258c2d2b870 JavaThread "jar transforms Thread 7"           [_thread_blocked, id=29536, stack(0x000000c231800000,0x000000c231900000) (1024K)]
  0x00000258c2d2ab50 JavaThread "jar transforms Thread 8"           [_thread_blocked, id=35220, stack(0x000000c231900000,0x000000c231a00000) (1024K)]
  0x00000258c2d84bf0 JavaThread "build event listener"              [_thread_blocked, id=31472, stack(0x000000c231a00000,0x000000c231b00000) (1024K)]
  0x00000258c2d88700 JavaThread "Memory manager"                    [_thread_blocked, id=2996, stack(0x000000c231b00000,0x000000c231c00000) (1024K)]
  0x00000258c8074850 JavaThread "build event listener"              [_thread_blocked, id=32372, stack(0x000000c22d700000,0x000000c22d800000) (1024K)]
  0x00000258c784bf80 JavaThread "pool-3-thread-1"                   [_thread_blocked, id=11768, stack(0x000000c22d800000,0x000000c22d900000) (1024K)]
  0x00000258c784c610 JavaThread "build event listener"              [_thread_blocked, id=28440, stack(0x000000c22d900000,0x000000c22da00000) (1024K)]
  0x00000258c784abd0 JavaThread "included builds"                   [_thread_blocked, id=8188, stack(0x000000c231c00000,0x000000c231d00000) (1024K)]
  0x00000258c784d330 JavaThread "Execution worker"                  [_thread_blocked, id=31144, stack(0x000000c231d00000,0x000000c231e00000) (1024K)]
  0x00000258c784b8f0 JavaThread "Execution worker Thread 2"         [_thread_blocked, id=2116, stack(0x000000c231e00000,0x000000c231f00000) (1024K)]
  0x00000258c798e730 JavaThread "Execution worker Thread 3"         [_thread_blocked, id=14448, stack(0x000000c231f00000,0x000000c232000000) (1024K)]
  0x00000258c7987e30 JavaThread "Execution worker Thread 4"         [_thread_blocked, id=20068, stack(0x000000c232000000,0x000000c232100000) (1024K)]
  0x00000258c798f450 JavaThread "Execution worker Thread 5"         [_thread_blocked, id=23824, stack(0x000000c232100000,0x000000c232200000) (1024K)]
  0x00000258c798ac20 JavaThread "Execution worker Thread 6"         [_thread_blocked, id=24636, stack(0x000000c232200000,0x000000c232300000) (1024K)]
  0x00000258c79884c0 JavaThread "Execution worker Thread 7"         [_thread_blocked, id=30828, stack(0x000000c232300000,0x000000c232400000) (1024K)]
  0x00000258c7988b50 JavaThread "Cache worker for execution history cache (D:\DailyCash\.gradle\9.4.1\executionHistory)"        [_thread_blocked, id=25940, stack(0x000000c232400000,0x000000c232500000) (1024K)]
  0x00000258c80720f0 JavaThread "WorkerExecutor Queue"              [_thread_blocked, id=24268, stack(0x000000c232500000,0x000000c232600000) (1024K)]
  0x00000258c57ec2d0 JavaThread "WorkerExecutor Queue Thread 2"        [_thread_blocked, id=19240, stack(0x000000c230000000,0x000000c230100000) (1024K)]
  0x00000258c57ebc40 JavaThread "WorkerExecutor Queue Thread 3"        [_thread_blocked, id=35132, stack(0x000000c232700000,0x000000c232800000) (1024K)]
  0x00000258c57eb5b0 JavaThread "WorkerExecutor Queue Thread 4"        [_thread_blocked, id=10280, stack(0x000000c232800000,0x000000c232900000) (1024K)]
  0x00000258c57ec960 JavaThread "WorkerExecutor Queue Thread 5"        [_thread_blocked, id=23504, stack(0x000000c232900000,0x000000c232a00000) (1024K)]
  0x00000258c57ef750 JavaThread "WorkerExecutor Queue Thread 6"        [_thread_blocked, id=25840, stack(0x000000c232a00000,0x000000c232b00000) (1024K)]
  0x00000258c57e94e0 JavaThread "WorkerExecutor Queue Thread 7"        [_thread_blocked, id=20116, stack(0x000000c232b00000,0x000000c232c00000) (1024K)]
  0x00000258c57ed680 JavaThread "WorkerExecutor Queue Thread 8"        [_thread_blocked, id=21948, stack(0x000000c232c00000,0x000000c232d00000) (1024K)]
Total: 70

Other Threads:
=>0x00000258bd2d5750 VMThread "VM Thread"                           [id=11204, stack(0x000000c22e100000,0x000000c22e200000) (1024K)]
  0x00000258bd23fe10 WatcherThread "VM Periodic Task Thread"        [id=8732, stack(0x000000c22e000000,0x000000c22e100000) (1024K)]
  0x00000258a5c41a20 WorkerThread "GC Thread#0"                     [id=11864, stack(0x000000c22db00000,0x000000c22dc00000) (1024K)]
  0x00000258c2b45350 WorkerThread "GC Thread#1"                     [id=37836, stack(0x000000c22ed00000,0x000000c22ee00000) (1024K)]
  0x00000258c2df86a0 WorkerThread "GC Thread#2"                     [id=37108, stack(0x000000c22ee00000,0x000000c22ef00000) (1024K)]
  0x00000258c2df8a50 WorkerThread "GC Thread#3"                     [id=14148, stack(0x000000c22ef00000,0x000000c22f000000) (1024K)]
  0x00000258c2bc8df0 WorkerThread "GC Thread#4"                     [id=14664, stack(0x000000c22ec00000,0x000000c22ed00000) (1024K)]
  0x00000258c384c3c0 WorkerThread "GC Thread#5"                     [id=28712, stack(0x000000c22f500000,0x000000c22f600000) (1024K)]
  0x00000258c384cb20 WorkerThread "GC Thread#6"                     [id=5220, stack(0x000000c22f600000,0x000000c22f700000) (1024K)]
  0x00000258c384c770 WorkerThread "GC Thread#7"                     [id=32480, stack(0x000000c22f700000,0x000000c22f800000) (1024K)]
  0x00000258a5c531c0 ConcurrentGCThread "G1 Main Marker"            [id=7436, stack(0x000000c22dc00000,0x000000c22dd00000) (1024K)]
  0x00000258a5c54380 WorkerThread "G1 Conc#0"                       [id=28464, stack(0x000000c22dd00000,0x000000c22de00000) (1024K)]
  0x00000258c384b150 WorkerThread "G1 Conc#1"                       [id=28288, stack(0x000000c22fb00000,0x000000c22fc00000) (1024K)]
  0x00000258bd1140c0 ConcurrentGCThread "G1 Refine#0"               [id=30420, stack(0x000000c22de00000,0x000000c22df00000) (1024K)]
  0x00000258bd114ae0 ConcurrentGCThread "G1 Service"                [id=16944, stack(0x000000c22df00000,0x000000c22e000000) (1024K)]
Total: 15

Threads with active compile tasks:
C2 CompilerThread0  233629 22116       4       kotlin.text.StringsKt__StringsJVMKt::endsWith$default (15 bytes)
Total: 1

VM state: at safepoint (normal execution)

VM Mutex/Monitor currently owned by a thread:  ([mutex/lock_event])
[0x00007ffd661486d0] Threads_lock - owner thread: 0x00000258bd2d5750
[0x00007ffd661487d0] Heap_lock - owner thread: 0x00000258c2d29e30

Heap address: 0x0000000080000000, size: 2048 MB, Compressed Oops mode: 32-bit

CDS archive(s) not mapped
Compressed class space mapped at: 0x0000000100000000-0x0000000140000000, reserved size: 1073741824
Narrow klass base: 0x0000000000000000, Narrow klass shift: 3, Narrow klass range: 0x140000000

GC Precious Log:
 CardTable entry size: 512
 Card Set container configuration: InlinePtr #cards 5 size 8 Array Of Cards #cards 12 size 40 Howl #buckets 4 coarsen threshold 1843 Howl Bitmap #cards 512 size 80 coarsen threshold 460 Card regions per heap region 1 cards per card region 2048
 CPUs: 8 total, 8 available
 Memory: 3836M
 Large Page Support: Disabled
 NUMA Support: Disabled
 Compressed Oops: Enabled (32-bit)
 Heap Region Size: 1M
 Heap Min Capacity: 8M
 Heap Initial Capacity: 60M
 Heap Max Capacity: 2G
 Pre-touch: Disabled
 Parallel Workers: 8
 Concurrent Workers: 2
 Concurrent Refinement Workers: 8
 Periodic GC: Disabled

Heap:
 garbage-first heap   total 385024K, used 159922K [0x0000000080000000, 0x0000000100000000)
  region size 1024K, 10 young (10240K), 10 survivors (10240K)
 Metaspace       used 140369K, committed 142912K, reserved 1179648K
  class space    used 19033K, committed 20288K, reserved 1048576K

Heap Regions: E=young(eden), S=young(survivor), O=old, HS=humongous(starts), HC=humongous(continues), CS=collection set, F=free, TAMS=top-at-mark-start, PB=parsable bottom
|   0|0x0000000080000000, 0x0000000080100000, 0x0000000080100000|100%|HS|  |TAMS 0x0000000080000000| PB 0x0000000080000000| Complete 
|   1|0x0000000080100000, 0x0000000080200000, 0x0000000080200000|100%|HC|  |TAMS 0x0000000080100000| PB 0x0000000080100000| Complete 
|   2|0x0000000080200000, 0x0000000080300000, 0x0000000080300000|100%|HC|  |TAMS 0x0000000080200000| PB 0x0000000080200000| Complete 
|   3|0x0000000080300000, 0x0000000080400000, 0x0000000080400000|100%|HC|  |TAMS 0x0000000080300000| PB 0x0000000080300000| Complete 
|   4|0x0000000080400000, 0x0000000080500000, 0x0000000080500000|100%| O|  |TAMS 0x0000000080400000| PB 0x0000000080400000| Untracked 
|   5|0x0000000080500000, 0x0000000080600000, 0x0000000080600000|100%| O|  |TAMS 0x0000000080500000| PB 0x0000000080500000| Untracked 
|   6|0x0000000080600000, 0x0000000080700000, 0x0000000080700000|100%| O|  |TAMS 0x0000000080600000| PB 0x0000000080600000| Untracked 
|   7|0x0000000080700000, 0x0000000080800000, 0x0000000080800000|100%| O|  |TAMS 0x0000000080700000| PB 0x0000000080700000| Untracked 
|   8|0x0000000080800000, 0x0000000080900000, 0x0000000080900000|100%| O|  |TAMS 0x0000000080800000| PB 0x0000000080800000| Untracked 
|   9|0x0000000080900000, 0x0000000080a00000, 0x0000000080a00000|100%| O|  |TAMS 0x0000000080900000| PB 0x0000000080900000| Untracked 
|  10|0x0000000080a00000, 0x0000000080b00000, 0x0000000080b00000|100%| O|  |TAMS 0x0000000080a00000| PB 0x0000000080a00000| Untracked 
|  11|0x0000000080b00000, 0x0000000080c00000, 0x0000000080c00000|100%|HS|  |TAMS 0x0000000080b00000| PB 0x0000000080b00000| Complete 
|  12|0x0000000080c00000, 0x0000000080d00000, 0x0000000080d00000|100%| O|  |TAMS 0x0000000080c00000| PB 0x0000000080c00000| Untracked 
|  13|0x0000000080d00000, 0x0000000080e00000, 0x0000000080e00000|100%| O|  |TAMS 0x0000000080d00000| PB 0x0000000080d00000| Untracked 
|  14|0x0000000080e00000, 0x0000000080f00000, 0x0000000080f00000|100%| O|  |TAMS 0x0000000080e00000| PB 0x0000000080e00000| Untracked 
|  15|0x0000000080f00000, 0x0000000081000000, 0x0000000081000000|100%| O|  |TAMS 0x0000000080f00000| PB 0x0000000080f00000| Untracked 
|  16|0x0000000081000000, 0x0000000081100000, 0x0000000081100000|100%| O|  |TAMS 0x0000000081000000| PB 0x0000000081000000| Untracked 
|  17|0x0000000081100000, 0x0000000081200000, 0x0000000081200000|100%| O|  |TAMS 0x0000000081100000| PB 0x0000000081100000| Untracked 
|  18|0x0000000081200000, 0x0000000081300000, 0x0000000081300000|100%| O|  |TAMS 0x0000000081200000| PB 0x0000000081200000| Untracked 
|  19|0x0000000081300000, 0x0000000081400000, 0x0000000081400000|100%| O|  |TAMS 0x0000000081300000| PB 0x0000000081300000| Untracked 
|  20|0x0000000081400000, 0x0000000081500000, 0x0000000081500000|100%| O|  |TAMS 0x0000000081400000| PB 0x0000000081400000| Untracked 
|  21|0x0000000081500000, 0x0000000081600000, 0x0000000081600000|100%| O|  |TAMS 0x0000000081500000| PB 0x0000000081500000| Untracked 
|  22|0x0000000081600000, 0x0000000081700000, 0x0000000081700000|100%| O|  |TAMS 0x0000000081600000| PB 0x0000000081600000| Untracked 
|  23|0x0000000081700000, 0x0000000081800000, 0x0000000081800000|100%| O|  |TAMS 0x0000000081700000| PB 0x0000000081700000| Untracked 
|  24|0x0000000081800000, 0x0000000081900000, 0x0000000081900000|100%| O|  |TAMS 0x0000000081800000| PB 0x0000000081800000| Untracked 
|  25|0x0000000081900000, 0x0000000081a00000, 0x0000000081a00000|100%| O|  |TAMS 0x0000000081900000| PB 0x0000000081900000| Untracked 
|  26|0x0000000081a00000, 0x0000000081b00000, 0x0000000081b00000|100%| O|  |TAMS 0x0000000081a00000| PB 0x0000000081a00000| Untracked 
|  27|0x0000000081b00000, 0x0000000081c00000, 0x0000000081c00000|100%| O|  |TAMS 0x0000000081b00000| PB 0x0000000081b00000| Untracked 
|  28|0x0000000081c00000, 0x0000000081d00000, 0x0000000081d00000|100%| O|  |TAMS 0x0000000081c00000| PB 0x0000000081c00000| Untracked 
|  29|0x0000000081d00000, 0x0000000081e00000, 0x0000000081e00000|100%| O|  |TAMS 0x0000000081d00000| PB 0x0000000081d00000| Untracked 
|  30|0x0000000081e00000, 0x0000000081f00000, 0x0000000081f00000|100%| O|  |TAMS 0x0000000081e00000| PB 0x0000000081e00000| Untracked 
|  31|0x0000000081f00000, 0x0000000082000000, 0x0000000082000000|100%| O|  |TAMS 0x0000000081f00000| PB 0x0000000081f00000| Untracked 
|  32|0x0000000082000000, 0x0000000082100000, 0x0000000082100000|100%|HS|  |TAMS 0x0000000082000000| PB 0x0000000082000000| Complete 
|  33|0x0000000082100000, 0x0000000082200000, 0x0000000082200000|100%|HC|  |TAMS 0x0000000082100000| PB 0x0000000082100000| Complete 
|  34|0x0000000082200000, 0x0000000082300000, 0x0000000082300000|100%| O|  |TAMS 0x0000000082200000| PB 0x0000000082200000| Untracked 
|  35|0x0000000082300000, 0x0000000082400000, 0x0000000082400000|100%| O|  |TAMS 0x0000000082300000| PB 0x0000000082300000| Untracked 
|  36|0x0000000082400000, 0x0000000082500000, 0x0000000082500000|100%| O|  |TAMS 0x0000000082400000| PB 0x0000000082400000| Untracked 
|  37|0x0000000082500000, 0x0000000082600000, 0x0000000082600000|100%| O|  |TAMS 0x0000000082500000| PB 0x0000000082500000| Untracked 
|  38|0x0000000082600000, 0x0000000082700000, 0x0000000082700000|100%| O|  |TAMS 0x0000000082600000| PB 0x0000000082600000| Untracked 
|  39|0x0000000082700000, 0x0000000082800000, 0x0000000082800000|100%| O|  |TAMS 0x0000000082700000| PB 0x0000000082700000| Untracked 
|  40|0x0000000082800000, 0x0000000082900000, 0x0000000082900000|100%| O|  |TAMS 0x0000000082800000| PB 0x0000000082800000| Untracked 
|  41|0x0000000082900000, 0x0000000082a00000, 0x0000000082a00000|100%|HS|  |TAMS 0x0000000082900000| PB 0x0000000082900000| Complete 
|  42|0x0000000082a00000, 0x0000000082b00000, 0x0000000082b00000|100%|HS|  |TAMS 0x0000000082a00000| PB 0x0000000082a00000| Complete 
|  43|0x0000000082b00000, 0x0000000082c00000, 0x0000000082c00000|100%| O|  |TAMS 0x0000000082b00000| PB 0x0000000082b00000| Untracked 
|  44|0x0000000082c00000, 0x0000000082d00000, 0x0000000082d00000|100%|HS|  |TAMS 0x0000000082c00000| PB 0x0000000082c00000| Complete 
|  45|0x0000000082d00000, 0x0000000082e00000, 0x0000000082e00000|100%| O|  |TAMS 0x0000000082d00000| PB 0x0000000082d00000| Untracked 
|  46|0x0000000082e00000, 0x0000000082f00000, 0x0000000082f00000|100%| O|  |TAMS 0x0000000082e00000| PB 0x0000000082e00000| Untracked 
|  47|0x0000000082f00000, 0x0000000083000000, 0x0000000083000000|100%| O|  |TAMS 0x0000000082f00000| PB 0x0000000082f00000| Untracked 
|  48|0x0000000083000000, 0x0000000083100000, 0x0000000083100000|100%| O|  |TAMS 0x0000000083000000| PB 0x0000000083000000| Untracked 
|  49|0x0000000083100000, 0x0000000083200000, 0x0000000083200000|100%| O|  |TAMS 0x0000000083100000| PB 0x0000000083100000| Untracked 
|  50|0x0000000083200000, 0x0000000083300000, 0x0000000083300000|100%| O|  |TAMS 0x0000000083200000| PB 0x0000000083200000| Untracked 
|  51|0x0000000083300000, 0x0000000083400000, 0x0000000083400000|100%|HS|  |TAMS 0x0000000083300000| PB 0x0000000083300000| Complete 
|  52|0x0000000083400000, 0x0000000083500000, 0x0000000083500000|100%| O|  |TAMS 0x0000000083400000| PB 0x0000000083400000| Untracked 
|  53|0x0000000083500000, 0x0000000083600000, 0x0000000083600000|100%| O|  |TAMS 0x0000000083500000| PB 0x0000000083500000| Untracked 
|  54|0x0000000083600000, 0x0000000083700000, 0x0000000083700000|100%|HS|  |TAMS 0x0000000083600000| PB 0x0000000083600000| Complete 
|  55|0x0000000083700000, 0x0000000083800000, 0x0000000083800000|100%|HC|  |TAMS 0x0000000083700000| PB 0x0000000083700000| Complete 
|  56|0x0000000083800000, 0x0000000083900000, 0x0000000083900000|100%| O|  |TAMS 0x0000000083800000| PB 0x0000000083800000| Untracked 
|  57|0x0000000083900000, 0x0000000083a00000, 0x0000000083a00000|100%|HS|  |TAMS 0x0000000083900000| PB 0x0000000083900000| Complete 
|  58|0x0000000083a00000, 0x0000000083b00000, 0x0000000083b00000|100%|HC|  |TAMS 0x0000000083a00000| PB 0x0000000083a00000| Complete 
|  59|0x0000000083b00000, 0x0000000083c00000, 0x0000000083c00000|100%|HS|  |TAMS 0x0000000083b00000| PB 0x0000000083b00000| Complete 
|  60|0x0000000083c00000, 0x0000000083d00000, 0x0000000083d00000|100%| O|  |TAMS 0x0000000083c00000| PB 0x0000000083c00000| Untracked 
|  61|0x0000000083d00000, 0x0000000083e00000, 0x0000000083e00000|100%|HS|  |TAMS 0x0000000083d00000| PB 0x0000000083d00000| Complete 
|  62|0x0000000083e00000, 0x0000000083f00000, 0x0000000083f00000|100%| O|  |TAMS 0x0000000083e00000| PB 0x0000000083e00000| Untracked 
|  63|0x0000000083f00000, 0x0000000084000000, 0x0000000084000000|100%| O|  |TAMS 0x0000000083f00000| PB 0x0000000083f00000| Untracked 
|  64|0x0000000084000000, 0x0000000084100000, 0x0000000084100000|100%| O|  |TAMS 0x0000000084000000| PB 0x0000000084000000| Untracked 
|  65|0x0000000084100000, 0x0000000084200000, 0x0000000084200000|100%| O|  |TAMS 0x0000000084100000| PB 0x0000000084100000| Untracked 
|  66|0x0000000084200000, 0x0000000084300000, 0x0000000084300000|100%| O|  |TAMS 0x0000000084200000| PB 0x0000000084200000| Untracked 
|  67|0x0000000084300000, 0x0000000084400000, 0x0000000084400000|100%|HS|  |TAMS 0x0000000084300000| PB 0x0000000084300000| Complete 
|  68|0x0000000084400000, 0x0000000084500000, 0x0000000084500000|100%| O|  |TAMS 0x0000000084400000| PB 0x0000000084400000| Untracked 
|  69|0x0000000084500000, 0x0000000084600000, 0x0000000084600000|100%| O|  |TAMS 0x0000000084500000| PB 0x0000000084500000| Untracked 
|  70|0x0000000084600000, 0x0000000084700000, 0x0000000084700000|100%| O|  |TAMS 0x0000000084600000| PB 0x0000000084600000| Untracked 
|  71|0x0000000084700000, 0x0000000084800000, 0x0000000084800000|100%| O|  |TAMS 0x0000000084700000| PB 0x0000000084700000| Untracked 
|  72|0x0000000084800000, 0x0000000084900000, 0x0000000084900000|100%| O|  |TAMS 0x0000000084800000| PB 0x0000000084800000| Untracked 
|  73|0x0000000084900000, 0x0000000084a00000, 0x0000000084a00000|100%| O|  |TAMS 0x0000000084900000| PB 0x0000000084900000| Untracked 
|  74|0x0000000084a00000, 0x0000000084b00000, 0x0000000084b00000|100%| O|  |TAMS 0x0000000084a00000| PB 0x0000000084a00000| Untracked 
|  75|0x0000000084b00000, 0x0000000084c00000, 0x0000000084c00000|100%| O|  |TAMS 0x0000000084b00000| PB 0x0000000084b00000| Untracked 
|  76|0x0000000084c00000, 0x0000000084d00000, 0x0000000084d00000|100%| O|  |TAMS 0x0000000084c00000| PB 0x0000000084c00000| Untracked 
|  77|0x0000000084d00000, 0x0000000084e00000, 0x0000000084e00000|100%| O|  |TAMS 0x0000000084d00000| PB 0x0000000084d00000| Untracked 
|  78|0x0000000084e00000, 0x0000000084f00000, 0x0000000084f00000|100%| O|  |TAMS 0x0000000084e00000| PB 0x0000000084e00000| Untracked 
|  79|0x0000000084f00000, 0x0000000085000000, 0x0000000085000000|100%| O|  |TAMS 0x0000000084f00000| PB 0x0000000084f00000| Untracked 
|  80|0x0000000085000000, 0x0000000085100000, 0x0000000085100000|100%| O|  |TAMS 0x0000000085000000| PB 0x0000000085000000| Untracked 
|  81|0x0000000085100000, 0x0000000085200000, 0x0000000085200000|100%| O|  |TAMS 0x0000000085100000| PB 0x0000000085100000| Untracked 
|  82|0x0000000085200000, 0x0000000085300000, 0x0000000085300000|100%| O|  |TAMS 0x0000000085200000| PB 0x0000000085200000| Untracked 
|  83|0x0000000085300000, 0x0000000085400000, 0x0000000085400000|100%| O|  |TAMS 0x0000000085300000| PB 0x0000000085300000| Untracked 
|  84|0x0000000085400000, 0x0000000085500000, 0x0000000085500000|100%| O|  |TAMS 0x0000000085400000| PB 0x0000000085400000| Untracked 
|  85|0x0000000085500000, 0x0000000085600000, 0x0000000085600000|100%| O|  |TAMS 0x0000000085500000| PB 0x0000000085500000| Untracked 
|  86|0x0000000085600000, 0x0000000085700000, 0x0000000085700000|100%| O|  |TAMS 0x0000000085600000| PB 0x0000000085600000| Untracked 
|  87|0x0000000085700000, 0x0000000085800000, 0x0000000085800000|100%| O|  |TAMS 0x0000000085700000| PB 0x0000000085700000| Untracked 
|  88|0x0000000085800000, 0x0000000085900000, 0x0000000085900000|100%| O|  |TAMS 0x0000000085800000| PB 0x0000000085800000| Untracked 
|  89|0x0000000085900000, 0x0000000085a00000, 0x0000000085a00000|100%| O|  |TAMS 0x0000000085900000| PB 0x0000000085900000| Untracked 
|  90|0x0000000085a00000, 0x0000000085b00000, 0x0000000085b00000|100%| O|  |TAMS 0x0000000085a00000| PB 0x0000000085a00000| Untracked 
|  91|0x0000000085b00000, 0x0000000085c00000, 0x0000000085c00000|100%| O|  |TAMS 0x0000000085b00000| PB 0x0000000085b00000| Untracked 
|  92|0x0000000085c00000, 0x0000000085d00000, 0x0000000085d00000|100%| O|  |TAMS 0x0000000085c00000| PB 0x0000000085c00000| Untracked 
|  93|0x0000000085d00000, 0x0000000085e00000, 0x0000000085e00000|100%| O|  |TAMS 0x0000000085d00000| PB 0x0000000085d00000| Untracked 
|  94|0x0000000085e00000, 0x0000000085f00000, 0x0000000085f00000|100%| O|  |TAMS 0x0000000085e00000| PB 0x0000000085e00000| Untracked 
|  95|0x0000000085f00000, 0x0000000086000000, 0x0000000086000000|100%| O|  |TAMS 0x0000000085f00000| PB 0x0000000085f00000| Untracked 
|  96|0x0000000086000000, 0x0000000086100000, 0x0000000086100000|100%| O|  |TAMS 0x0000000086000000| PB 0x0000000086000000| Untracked 
|  97|0x0000000086100000, 0x0000000086200000, 0x0000000086200000|100%| O|  |TAMS 0x0000000086100000| PB 0x0000000086100000| Untracked 
|  98|0x0000000086200000, 0x0000000086300000, 0x0000000086300000|100%| O|  |TAMS 0x0000000086200000| PB 0x0000000086200000| Untracked 
|  99|0x0000000086300000, 0x0000000086400000, 0x0000000086400000|100%| O|  |TAMS 0x0000000086300000| PB 0x0000000086300000| Untracked 
| 100|0x0000000086400000, 0x0000000086400000, 0x0000000086500000|  0%| F|  |TAMS 0x0000000086400000| PB 0x0000000086400000| Untracked 
| 101|0x0000000086500000, 0x0000000086600000, 0x0000000086600000|100%| O|  |TAMS 0x0000000086500000| PB 0x0000000086500000| Untracked 
| 102|0x0000000086600000, 0x0000000086700000, 0x0000000086700000|100%| O|  |TAMS 0x0000000086600000| PB 0x0000000086600000| Untracked 
| 103|0x0000000086700000, 0x0000000086800000, 0x0000000086800000|100%| O|  |TAMS 0x0000000086700000| PB 0x0000000086700000| Untracked 
| 104|0x0000000086800000, 0x0000000086900000, 0x0000000086900000|100%| O|  |TAMS 0x0000000086800000| PB 0x0000000086800000| Untracked 
| 105|0x0000000086900000, 0x0000000086a00000, 0x0000000086a00000|100%| O|  |TAMS 0x0000000086900000| PB 0x0000000086900000| Untracked 
| 106|0x0000000086a00000, 0x0000000086b00000, 0x0000000086b00000|100%| O|  |TAMS 0x0000000086a00000| PB 0x0000000086a00000| Untracked 
| 107|0x0000000086b00000, 0x0000000086c00000, 0x0000000086c00000|100%| O|  |TAMS 0x0000000086b00000| PB 0x0000000086b00000| Untracked 
| 108|0x0000000086c00000, 0x0000000086c00000, 0x0000000086d00000|  0%| F|  |TAMS 0x0000000086c00000| PB 0x0000000086c00000| Untracked 
| 109|0x0000000086d00000, 0x0000000086e00000, 0x0000000086e00000|100%| O|  |TAMS 0x0000000086d00000| PB 0x0000000086d00000| Untracked 
| 110|0x0000000086e00000, 0x0000000086f00000, 0x0000000086f00000|100%| O|  |TAMS 0x0000000086e00000| PB 0x0000000086e00000| Untracked 
| 111|0x0000000086f00000, 0x0000000087000000, 0x0000000087000000|100%| O|  |TAMS 0x0000000086f00000| PB 0x0000000086f00000| Untracked 
| 112|0x0000000087000000, 0x0000000087100000, 0x0000000087100000|100%| O|  |TAMS 0x0000000087000000| PB 0x0000000087000000| Untracked 
| 113|0x0000000087100000, 0x0000000087200000, 0x0000000087200000|100%| O|  |TAMS 0x0000000087100000| PB 0x0000000087100000| Untracked 
| 114|0x0000000087200000, 0x0000000087300000, 0x0000000087300000|100%| O|  |TAMS 0x0000000087200000| PB 0x0000000087200000| Untracked 
| 115|0x0000000087300000, 0x0000000087400000, 0x0000000087400000|100%| O|  |TAMS 0x0000000087300000| PB 0x0000000087300000| Untracked 
| 116|0x0000000087400000, 0x0000000087500000, 0x0000000087500000|100%| O|  |TAMS 0x0000000087400000| PB 0x0000000087400000| Untracked 
| 117|0x0000000087500000, 0x0000000087600000, 0x0000000087600000|100%| O|  |TAMS 0x0000000087500000| PB 0x0000000087500000| Untracked 
| 118|0x0000000087600000, 0x0000000087700000, 0x0000000087700000|100%| O|  |TAMS 0x0000000087600000| PB 0x0000000087600000| Untracked 
| 119|0x0000000087700000, 0x0000000087800000, 0x0000000087800000|100%| O|  |TAMS 0x0000000087700000| PB 0x0000000087700000| Untracked 
| 120|0x0000000087800000, 0x0000000087900000, 0x0000000087900000|100%| O|  |TAMS 0x0000000087800000| PB 0x0000000087800000| Untracked 
| 121|0x0000000087900000, 0x0000000087a00000, 0x0000000087a00000|100%| O|  |TAMS 0x0000000087900000| PB 0x0000000087900000| Untracked 
| 122|0x0000000087a00000, 0x0000000087b00000, 0x0000000087b00000|100%| O|  |TAMS 0x0000000087a00000| PB 0x0000000087a00000| Untracked 
| 123|0x0000000087b00000, 0x0000000087c00000, 0x0000000087c00000|100%| O|  |TAMS 0x0000000087b00000| PB 0x0000000087b00000| Untracked 
| 124|0x0000000087c00000, 0x0000000087d00000, 0x0000000087d00000|100%| O|  |TAMS 0x0000000087c00000| PB 0x0000000087c00000| Untracked 
| 125|0x0000000087d00000, 0x0000000087d00000, 0x0000000087e00000|  0%| F|  |TAMS 0x0000000087d00000| PB 0x0000000087d00000| Untracked 
| 126|0x0000000087e00000, 0x0000000087f00000, 0x0000000087f00000|100%| O|  |TAMS 0x0000000087e00000| PB 0x0000000087e00000| Untracked 
| 127|0x0000000087f00000, 0x0000000087f00000, 0x0000000088000000|  0%| F|  |TAMS 0x0000000087f00000| PB 0x0000000087f00000| Untracked 
| 128|0x0000000088000000, 0x0000000088100000, 0x0000000088100000|100%| O|  |TAMS 0x0000000088000000| PB 0x0000000088000000| Untracked 
| 129|0x0000000088100000, 0x0000000088200000, 0x0000000088200000|100%| O|  |TAMS 0x0000000088100000| PB 0x0000000088100000| Untracked 
| 130|0x0000000088200000, 0x0000000088300000, 0x0000000088300000|100%| O|  |TAMS 0x0000000088200000| PB 0x0000000088200000| Untracked 
| 131|0x0000000088300000, 0x0000000088400000, 0x0000000088400000|100%| O|  |TAMS 0x0000000088300000| PB 0x0000000088300000| Untracked 
| 132|0x0000000088400000, 0x0000000088500000, 0x0000000088500000|100%|HS|  |TAMS 0x0000000088400000| PB 0x0000000088400000| Complete 
| 133|0x0000000088500000, 0x0000000088600000, 0x0000000088600000|100%| O|  |TAMS 0x0000000088500000| PB 0x0000000088500000| Untracked 
| 134|0x0000000088600000, 0x0000000088600000, 0x0000000088700000|  0%| F|  |TAMS 0x0000000088600000| PB 0x0000000088600000| Untracked 
| 135|0x0000000088700000, 0x0000000088800000, 0x0000000088800000|100%| O|  |TAMS 0x0000000088700000| PB 0x0000000088700000| Untracked 
| 136|0x0000000088800000, 0x0000000088900000, 0x0000000088900000|100%| O|  |TAMS 0x0000000088800000| PB 0x0000000088800000| Untracked 
| 137|0x0000000088900000, 0x0000000088a00000, 0x0000000088a00000|100%| O|  |TAMS 0x0000000088900000| PB 0x0000000088900000| Untracked 
| 138|0x0000000088a00000, 0x0000000088b00000, 0x0000000088b00000|100%| O|  |TAMS 0x0000000088a00000| PB 0x0000000088a00000| Untracked 
| 139|0x0000000088b00000, 0x0000000088be39e0, 0x0000000088c00000| 88%| O|  |TAMS 0x0000000088b00000| PB 0x0000000088b00000| Untracked 
| 140|0x0000000088c00000, 0x0000000088d00000, 0x0000000088d00000|100%| O|  |TAMS 0x0000000088c00000| PB 0x0000000088c00000| Untracked 
| 141|0x0000000088d00000, 0x0000000088d00000, 0x0000000088e00000|  0%| F|  |TAMS 0x0000000088d00000| PB 0x0000000088d00000| Untracked 
| 142|0x0000000088e00000, 0x0000000088e00000, 0x0000000088f00000|  0%| F|  |TAMS 0x0000000088e00000| PB 0x0000000088e00000| Untracked 
| 143|0x0000000088f00000, 0x0000000088f00000, 0x0000000089000000|  0%| F|  |TAMS 0x0000000088f00000| PB 0x0000000088f00000| Untracked 
| 144|0x0000000089000000, 0x0000000089000000, 0x0000000089100000|  0%| F|  |TAMS 0x0000000089000000| PB 0x0000000089000000| Untracked 
| 145|0x0000000089100000, 0x0000000089100000, 0x0000000089200000|  0%| F|  |TAMS 0x0000000089100000| PB 0x0000000089100000| Untracked 
| 146|0x0000000089200000, 0x0000000089200000, 0x0000000089300000|  0%| F|  |TAMS 0x0000000089200000| PB 0x0000000089200000| Untracked 
| 147|0x0000000089300000, 0x0000000089300000, 0x0000000089400000|  0%| F|  |TAMS 0x0000000089300000| PB 0x0000000089300000| Untracked 
| 148|0x0000000089400000, 0x0000000089400000, 0x0000000089500000|  0%| F|  |TAMS 0x0000000089400000| PB 0x0000000089400000| Untracked 
| 149|0x0000000089500000, 0x0000000089500000, 0x0000000089600000|  0%| F|  |TAMS 0x0000000089500000| PB 0x0000000089500000| Untracked 
| 150|0x0000000089600000, 0x0000000089600000, 0x0000000089700000|  0%| F|  |TAMS 0x0000000089600000| PB 0x0000000089600000| Untracked 
| 151|0x0000000089700000, 0x0000000089700000, 0x0000000089800000|  0%| F|  |TAMS 0x0000000089700000| PB 0x0000000089700000| Untracked 
| 152|0x0000000089800000, 0x0000000089800000, 0x0000000089900000|  0%| F|  |TAMS 0x0000000089800000| PB 0x0000000089800000| Untracked 
| 153|0x0000000089900000, 0x0000000089900000, 0x0000000089a00000|  0%| F|  |TAMS 0x0000000089900000| PB 0x0000000089900000| Untracked 
| 154|0x0000000089a00000, 0x0000000089a00000, 0x0000000089b00000|  0%| F|  |TAMS 0x0000000089a00000| PB 0x0000000089a00000| Untracked 
| 155|0x0000000089b00000, 0x0000000089c00000, 0x0000000089c00000|100%| O|Cm|TAMS 0x0000000089b00000| PB 0x0000000089b00000| Complete 
| 156|0x0000000089c00000, 0x0000000089c00000, 0x0000000089d00000|  0%| F|  |TAMS 0x0000000089c00000| PB 0x0000000089c00000| Untracked 
| 157|0x0000000089d00000, 0x0000000089d00000, 0x0000000089e00000|  0%| F|  |TAMS 0x0000000089d00000| PB 0x0000000089d00000| Untracked 
| 158|0x0000000089e00000, 0x0000000089e00000, 0x0000000089f00000|  0%| F|  |TAMS 0x0000000089e00000| PB 0x0000000089e00000| Untracked 
| 159|0x0000000089f00000, 0x0000000089f00000, 0x000000008a000000|  0%| F|  |TAMS 0x0000000089f00000| PB 0x0000000089f00000| Untracked 
| 160|0x000000008a000000, 0x000000008a000000, 0x000000008a100000|  0%| F|  |TAMS 0x000000008a000000| PB 0x000000008a000000| Untracked 
| 161|0x000000008a100000, 0x000000008a100000, 0x000000008a200000|  0%| F|  |TAMS 0x000000008a100000| PB 0x000000008a100000| Untracked 
| 162|0x000000008a200000, 0x000000008a248e60, 0x000000008a300000| 28%| S|CS|TAMS 0x000000008a200000| PB 0x000000008a200000| Complete 
| 163|0x000000008a300000, 0x000000008a300000, 0x000000008a400000|  0%| F|  |TAMS 0x000000008a300000| PB 0x000000008a300000| Untracked 
| 164|0x000000008a400000, 0x000000008a500000, 0x000000008a500000|100%| S|CS|TAMS 0x000000008a400000| PB 0x000000008a400000| Complete 
| 165|0x000000008a500000, 0x000000008a600000, 0x000000008a600000|100%| S|CS|TAMS 0x000000008a500000| PB 0x000000008a500000| Complete 
| 166|0x000000008a600000, 0x000000008a700000, 0x000000008a700000|100%| S|CS|TAMS 0x000000008a600000| PB 0x000000008a600000| Complete 
| 167|0x000000008a700000, 0x000000008a800000, 0x000000008a800000|100%| S|CS|TAMS 0x000000008a700000| PB 0x000000008a700000| Complete 
| 168|0x000000008a800000, 0x000000008a900000, 0x000000008a900000|100%| S|CS|TAMS 0x000000008a800000| PB 0x000000008a800000| Complete 
| 169|0x000000008a900000, 0x000000008aa00000, 0x000000008aa00000|100%| S|CS|TAMS 0x000000008a900000| PB 0x000000008a900000| Complete 
| 170|0x000000008aa00000, 0x000000008ab00000, 0x000000008ab00000|100%| S|CS|TAMS 0x000000008aa00000| PB 0x000000008aa00000| Complete 
| 171|0x000000008ab00000, 0x000000008ac00000, 0x000000008ac00000|100%| S|CS|TAMS 0x000000008ab00000| PB 0x000000008ab00000| Complete 
| 172|0x000000008ac00000, 0x000000008ad00000, 0x000000008ad00000|100%| S|CS|TAMS 0x000000008ac00000| PB 0x000000008ac00000| Complete 
| 173|0x000000008ad00000, 0x000000008ad00000, 0x000000008ae00000|  0%| F|  |TAMS 0x000000008ad00000| PB 0x000000008ad00000| Untracked 
| 174|0x000000008ae00000, 0x000000008ae00000, 0x000000008af00000|  0%| F|  |TAMS 0x000000008ae00000| PB 0x000000008ae00000| Untracked 
| 175|0x000000008af00000, 0x000000008af00000, 0x000000008b000000|  0%| F|  |TAMS 0x000000008af00000| PB 0x000000008af00000| Untracked 
| 176|0x000000008b000000, 0x000000008b000000, 0x000000008b100000|  0%| F|  |TAMS 0x000000008b000000| PB 0x000000008b000000| Untracked 
| 177|0x000000008b100000, 0x000000008b100000, 0x000000008b200000|  0%| F|  |TAMS 0x000000008b100000| PB 0x000000008b100000| Untracked 
| 178|0x000000008b200000, 0x000000008b200000, 0x000000008b300000|  0%| F|  |TAMS 0x000000008b200000| PB 0x000000008b200000| Untracked 
| 179|0x000000008b300000, 0x000000008b300000, 0x000000008b400000|  0%| F|  |TAMS 0x000000008b300000| PB 0x000000008b300000| Untracked 
| 180|0x000000008b400000, 0x000000008b400000, 0x000000008b500000|  0%| F|  |TAMS 0x000000008b400000| PB 0x000000008b400000| Untracked 
| 181|0x000000008b500000, 0x000000008b500000, 0x000000008b600000|  0%| F|  |TAMS 0x000000008b500000| PB 0x000000008b500000| Untracked 
| 182|0x000000008b600000, 0x000000008b600000, 0x000000008b700000|  0%| F|  |TAMS 0x000000008b600000| PB 0x000000008b600000| Untracked 
| 183|0x000000008b700000, 0x000000008b700000, 0x000000008b800000|  0%| F|  |TAMS 0x000000008b700000| PB 0x000000008b700000| Untracked 
| 184|0x000000008b800000, 0x000000008b800000, 0x000000008b900000|  0%| F|  |TAMS 0x000000008b800000| PB 0x000000008b800000| Untracked 
| 185|0x000000008b900000, 0x000000008b900000, 0x000000008ba00000|  0%| F|  |TAMS 0x000000008b900000| PB 0x000000008b900000| Untracked 
| 186|0x000000008ba00000, 0x000000008ba00000, 0x000000008bb00000|  0%| F|  |TAMS 0x000000008ba00000| PB 0x000000008ba00000| Untracked 
| 187|0x000000008bb00000, 0x000000008bb00000, 0x000000008bc00000|  0%| F|  |TAMS 0x000000008bb00000| PB 0x000000008bb00000| Untracked 
| 188|0x000000008bc00000, 0x000000008bc00000, 0x000000008bd00000|  0%| F|  |TAMS 0x000000008bc00000| PB 0x000000008bc00000| Untracked 
| 189|0x000000008bd00000, 0x000000008bd00000, 0x000000008be00000|  0%| F|  |TAMS 0x000000008bd00000| PB 0x000000008bd00000| Untracked 
| 190|0x000000008be00000, 0x000000008be00000, 0x000000008bf00000|  0%| F|  |TAMS 0x000000008be00000| PB 0x000000008be00000| Untracked 
| 191|0x000000008bf00000, 0x000000008bf00000, 0x000000008c000000|  0%| F|  |TAMS 0x000000008bf00000| PB 0x000000008bf00000| Untracked 
| 192|0x000000008c000000, 0x000000008c000000, 0x000000008c100000|  0%| F|  |TAMS 0x000000008c000000| PB 0x000000008c000000| Untracked 
| 193|0x000000008c100000, 0x000000008c100000, 0x000000008c200000|  0%| F|  |TAMS 0x000000008c100000| PB 0x000000008c100000| Untracked 
| 194|0x000000008c200000, 0x000000008c200000, 0x000000008c300000|  0%| F|  |TAMS 0x000000008c200000| PB 0x000000008c200000| Untracked 
| 195|0x000000008c300000, 0x000000008c300000, 0x000000008c400000|  0%| F|  |TAMS 0x000000008c300000| PB 0x000000008c300000| Untracked 
| 196|0x000000008c400000, 0x000000008c400000, 0x000000008c500000|  0%| F|  |TAMS 0x000000008c400000| PB 0x000000008c400000| Untracked 
| 197|0x000000008c500000, 0x000000008c500000, 0x000000008c600000|  0%| F|  |TAMS 0x000000008c500000| PB 0x000000008c500000| Untracked 
| 198|0x000000008c600000, 0x000000008c600000, 0x000000008c700000|  0%| F|  |TAMS 0x000000008c600000| PB 0x000000008c600000| Untracked 
| 199|0x000000008c700000, 0x000000008c700000, 0x000000008c800000|  0%| F|  |TAMS 0x000000008c700000| PB 0x000000008c700000| Untracked 
| 200|0x000000008c800000, 0x000000008c800000, 0x000000008c900000|  0%| F|  |TAMS 0x000000008c800000| PB 0x000000008c800000| Untracked 
| 201|0x000000008c900000, 0x000000008c900000, 0x000000008ca00000|  0%| F|  |TAMS 0x000000008c900000| PB 0x000000008c900000| Untracked 
| 202|0x000000008ca00000, 0x000000008ca00000, 0x000000008cb00000|  0%| F|  |TAMS 0x000000008ca00000| PB 0x000000008ca00000| Untracked 
| 203|0x000000008cb00000, 0x000000008cb00000, 0x000000008cc00000|  0%| F|  |TAMS 0x000000008cb00000| PB 0x000000008cb00000| Untracked 
| 204|0x000000008cc00000, 0x000000008cc00000, 0x000000008cd00000|  0%| F|  |TAMS 0x000000008cc00000| PB 0x000000008cc00000| Untracked 
| 205|0x000000008cd00000, 0x000000008cd00000, 0x000000008ce00000|  0%| F|  |TAMS 0x000000008cd00000| PB 0x000000008cd00000| Untracked 
| 206|0x000000008ce00000, 0x000000008ce00000, 0x000000008cf00000|  0%| F|  |TAMS 0x000000008ce00000| PB 0x000000008ce00000| Untracked 
| 207|0x000000008cf00000, 0x000000008cf00000, 0x000000008d000000|  0%| F|  |TAMS 0x000000008cf00000| PB 0x000000008cf00000| Untracked 
| 208|0x000000008d000000, 0x000000008d000000, 0x000000008d100000|  0%| F|  |TAMS 0x000000008d000000| PB 0x000000008d000000| Untracked 
| 209|0x000000008d100000, 0x000000008d100000, 0x000000008d200000|  0%| F|  |TAMS 0x000000008d100000| PB 0x000000008d100000| Untracked 
| 210|0x000000008d200000, 0x000000008d200000, 0x000000008d300000|  0%| F|  |TAMS 0x000000008d200000| PB 0x000000008d200000| Untracked 
| 211|0x000000008d300000, 0x000000008d300000, 0x000000008d400000|  0%| F|  |TAMS 0x000000008d300000| PB 0x000000008d300000| Untracked 
| 212|0x000000008d400000, 0x000000008d400000, 0x000000008d500000|  0%| F|  |TAMS 0x000000008d400000| PB 0x000000008d400000| Untracked 
| 213|0x000000008d500000, 0x000000008d500000, 0x000000008d600000|  0%| F|  |TAMS 0x000000008d500000| PB 0x000000008d500000| Untracked 
| 214|0x000000008d600000, 0x000000008d600000, 0x000000008d700000|  0%| F|  |TAMS 0x000000008d600000| PB 0x000000008d600000| Untracked 
| 215|0x000000008d700000, 0x000000008d700000, 0x000000008d800000|  0%| F|  |TAMS 0x000000008d700000| PB 0x000000008d700000| Untracked 
| 216|0x000000008d800000, 0x000000008d800000, 0x000000008d900000|  0%| F|  |TAMS 0x000000008d800000| PB 0x000000008d800000| Untracked 
| 217|0x000000008d900000, 0x000000008d900000, 0x000000008da00000|  0%| F|  |TAMS 0x000000008d900000| PB 0x000000008d900000| Untracked 
| 218|0x000000008da00000, 0x000000008da00000, 0x000000008db00000|  0%| F|  |TAMS 0x000000008da00000| PB 0x000000008da00000| Untracked 
| 219|0x000000008db00000, 0x000000008db00000, 0x000000008dc00000|  0%| F|  |TAMS 0x000000008db00000| PB 0x000000008db00000| Untracked 
| 220|0x000000008dc00000, 0x000000008dc00000, 0x000000008dd00000|  0%| F|  |TAMS 0x000000008dc00000| PB 0x000000008dc00000| Untracked 
| 221|0x000000008dd00000, 0x000000008dd00000, 0x000000008de00000|  0%| F|  |TAMS 0x000000008dd00000| PB 0x000000008dd00000| Untracked 
| 222|0x000000008de00000, 0x000000008de00000, 0x000000008df00000|  0%| F|  |TAMS 0x000000008de00000| PB 0x000000008de00000| Untracked 
| 223|0x000000008df00000, 0x000000008df00000, 0x000000008e000000|  0%| F|  |TAMS 0x000000008df00000| PB 0x000000008df00000| Untracked 
| 224|0x000000008e000000, 0x000000008e000000, 0x000000008e100000|  0%| F|  |TAMS 0x000000008e000000| PB 0x000000008e000000| Untracked 
| 225|0x000000008e100000, 0x000000008e100000, 0x000000008e200000|  0%| F|  |TAMS 0x000000008e100000| PB 0x000000008e100000| Untracked 
| 226|0x000000008e200000, 0x000000008e200000, 0x000000008e300000|  0%| F|  |TAMS 0x000000008e200000| PB 0x000000008e200000| Untracked 
| 227|0x000000008e300000, 0x000000008e300000, 0x000000008e400000|  0%| F|  |TAMS 0x000000008e300000| PB 0x000000008e300000| Untracked 
| 228|0x000000008e400000, 0x000000008e400000, 0x000000008e500000|  0%| F|  |TAMS 0x000000008e400000| PB 0x000000008e400000| Untracked 
| 229|0x000000008e500000, 0x000000008e500000, 0x000000008e600000|  0%| F|  |TAMS 0x000000008e500000| PB 0x000000008e500000| Untracked 
| 230|0x000000008e600000, 0x000000008e600000, 0x000000008e700000|  0%| F|  |TAMS 0x000000008e600000| PB 0x000000008e600000| Untracked 
| 231|0x000000008e700000, 0x000000008e700000, 0x000000008e800000|  0%| F|  |TAMS 0x000000008e700000| PB 0x000000008e700000| Untracked 
| 232|0x000000008e800000, 0x000000008e800000, 0x000000008e900000|  0%| F|  |TAMS 0x000000008e800000| PB 0x000000008e800000| Untracked 
| 233|0x000000008e900000, 0x000000008e900000, 0x000000008ea00000|  0%| F|  |TAMS 0x000000008e900000| PB 0x000000008e900000| Untracked 
| 234|0x000000008ea00000, 0x000000008ea00000, 0x000000008eb00000|  0%| F|  |TAMS 0x000000008ea00000| PB 0x000000008ea00000| Untracked 
| 235|0x000000008eb00000, 0x000000008eb00000, 0x000000008ec00000|  0%| F|  |TAMS 0x000000008eb00000| PB 0x000000008eb00000| Untracked 
| 236|0x000000008ec00000, 0x000000008ec00000, 0x000000008ed00000|  0%| F|  |TAMS 0x000000008ec00000| PB 0x000000008ec00000| Untracked 
| 237|0x000000008ed00000, 0x000000008ed00000, 0x000000008ee00000|  0%| F|  |TAMS 0x000000008ed00000| PB 0x000000008ed00000| Untracked 
| 238|0x000000008ee00000, 0x000000008ee00000, 0x000000008ef00000|  0%| F|  |TAMS 0x000000008ee00000| PB 0x000000008ee00000| Untracked 
| 239|0x000000008ef00000, 0x000000008ef00000, 0x000000008f000000|  0%| F|  |TAMS 0x000000008ef00000| PB 0x000000008ef00000| Untracked 
| 240|0x000000008f000000, 0x000000008f000000, 0x000000008f100000|  0%| F|  |TAMS 0x000000008f000000| PB 0x000000008f000000| Untracked 
| 241|0x000000008f100000, 0x000000008f100000, 0x000000008f200000|  0%| F|  |TAMS 0x000000008f100000| PB 0x000000008f100000| Untracked 
| 242|0x000000008f200000, 0x000000008f200000, 0x000000008f300000|  0%| F|  |TAMS 0x000000008f200000| PB 0x000000008f200000| Untracked 
| 243|0x000000008f300000, 0x000000008f300000, 0x000000008f400000|  0%| F|  |TAMS 0x000000008f300000| PB 0x000000008f300000| Untracked 
| 244|0x000000008f400000, 0x000000008f400000, 0x000000008f500000|  0%| F|  |TAMS 0x000000008f400000| PB 0x000000008f400000| Untracked 
| 245|0x000000008f500000, 0x000000008f500000, 0x000000008f600000|  0%| F|  |TAMS 0x000000008f500000| PB 0x000000008f500000| Untracked 
| 246|0x000000008f600000, 0x000000008f600000, 0x000000008f700000|  0%| F|  |TAMS 0x000000008f600000| PB 0x000000008f600000| Untracked 
| 247|0x000000008f700000, 0x000000008f700000, 0x000000008f800000|  0%| F|  |TAMS 0x000000008f700000| PB 0x000000008f700000| Untracked 
| 248|0x000000008f800000, 0x000000008f800000, 0x000000008f900000|  0%| F|  |TAMS 0x000000008f800000| PB 0x000000008f800000| Untracked 
| 249|0x000000008f900000, 0x000000008f900000, 0x000000008fa00000|  0%| F|  |TAMS 0x000000008f900000| PB 0x000000008f900000| Untracked 
| 250|0x000000008fa00000, 0x000000008fa00000, 0x000000008fb00000|  0%| F|  |TAMS 0x000000008fa00000| PB 0x000000008fa00000| Untracked 
| 251|0x000000008fb00000, 0x000000008fb00000, 0x000000008fc00000|  0%| F|  |TAMS 0x000000008fb00000| PB 0x000000008fb00000| Untracked 
| 252|0x000000008fc00000, 0x000000008fc00000, 0x000000008fd00000|  0%| F|  |TAMS 0x000000008fc00000| PB 0x000000008fc00000| Untracked 
| 253|0x000000008fd00000, 0x000000008fd00000, 0x000000008fe00000|  0%| F|  |TAMS 0x000000008fd00000| PB 0x000000008fd00000| Untracked 
| 254|0x000000008fe00000, 0x000000008fe00000, 0x000000008ff00000|  0%| F|  |TAMS 0x000000008fe00000| PB 0x000000008fe00000| Untracked 
| 255|0x000000008ff00000, 0x000000008ff00000, 0x0000000090000000|  0%| F|  |TAMS 0x000000008ff00000| PB 0x000000008ff00000| Untracked 
| 256|0x0000000090000000, 0x0000000090000000, 0x0000000090100000|  0%| F|  |TAMS 0x0000000090000000| PB 0x0000000090000000| Untracked 
| 257|0x0000000090100000, 0x0000000090100000, 0x0000000090200000|  0%| F|  |TAMS 0x0000000090100000| PB 0x0000000090100000| Untracked 
| 258|0x0000000090200000, 0x0000000090200000, 0x0000000090300000|  0%| F|  |TAMS 0x0000000090200000| PB 0x0000000090200000| Untracked 
| 259|0x0000000090300000, 0x0000000090300000, 0x0000000090400000|  0%| F|  |TAMS 0x0000000090300000| PB 0x0000000090300000| Untracked 
| 260|0x0000000090400000, 0x0000000090400000, 0x0000000090500000|  0%| F|  |TAMS 0x0000000090400000| PB 0x0000000090400000| Untracked 
| 261|0x0000000090500000, 0x0000000090500000, 0x0000000090600000|  0%| F|  |TAMS 0x0000000090500000| PB 0x0000000090500000| Untracked 
| 262|0x0000000090600000, 0x0000000090600000, 0x0000000090700000|  0%| F|  |TAMS 0x0000000090600000| PB 0x0000000090600000| Untracked 
| 263|0x0000000090700000, 0x0000000090700000, 0x0000000090800000|  0%| F|  |TAMS 0x0000000090700000| PB 0x0000000090700000| Untracked 
| 264|0x0000000090800000, 0x0000000090800000, 0x0000000090900000|  0%| F|  |TAMS 0x0000000090800000| PB 0x0000000090800000| Untracked 
| 265|0x0000000090900000, 0x0000000090900000, 0x0000000090a00000|  0%| F|  |TAMS 0x0000000090900000| PB 0x0000000090900000| Untracked 
| 266|0x0000000090a00000, 0x0000000090a00000, 0x0000000090b00000|  0%| F|  |TAMS 0x0000000090a00000| PB 0x0000000090a00000| Untracked 
| 267|0x0000000090b00000, 0x0000000090b00000, 0x0000000090c00000|  0%| F|  |TAMS 0x0000000090b00000| PB 0x0000000090b00000| Untracked 
| 268|0x0000000090c00000, 0x0000000090c00000, 0x0000000090d00000|  0%| F|  |TAMS 0x0000000090c00000| PB 0x0000000090c00000| Untracked 
| 269|0x0000000090d00000, 0x0000000090d00000, 0x0000000090e00000|  0%| F|  |TAMS 0x0000000090d00000| PB 0x0000000090d00000| Untracked 
| 270|0x0000000090e00000, 0x0000000090e00000, 0x0000000090f00000|  0%| F|  |TAMS 0x0000000090e00000| PB 0x0000000090e00000| Untracked 
| 271|0x0000000090f00000, 0x0000000090f00000, 0x0000000091000000|  0%| F|  |TAMS 0x0000000090f00000| PB 0x0000000090f00000| Untracked 
| 272|0x0000000091000000, 0x0000000091000000, 0x0000000091100000|  0%| F|  |TAMS 0x0000000091000000| PB 0x0000000091000000| Untracked 
| 273|0x0000000091100000, 0x0000000091100000, 0x0000000091200000|  0%| F|  |TAMS 0x0000000091100000| PB 0x0000000091100000| Untracked 
| 274|0x0000000091200000, 0x0000000091200000, 0x0000000091300000|  0%| F|  |TAMS 0x0000000091200000| PB 0x0000000091200000| Untracked 
| 275|0x0000000091300000, 0x0000000091300000, 0x0000000091400000|  0%| F|  |TAMS 0x0000000091300000| PB 0x0000000091300000| Untracked 
| 276|0x0000000091400000, 0x0000000091400000, 0x0000000091500000|  0%| F|  |TAMS 0x0000000091400000| PB 0x0000000091400000| Untracked 
| 277|0x0000000091500000, 0x0000000091500000, 0x0000000091600000|  0%| F|  |TAMS 0x0000000091500000| PB 0x0000000091500000| Untracked 
| 278|0x0000000091600000, 0x0000000091600000, 0x0000000091700000|  0%| F|  |TAMS 0x0000000091600000| PB 0x0000000091600000| Untracked 
| 279|0x0000000091700000, 0x0000000091700000, 0x0000000091800000|  0%| F|  |TAMS 0x0000000091700000| PB 0x0000000091700000| Untracked 
| 280|0x0000000091800000, 0x0000000091800000, 0x0000000091900000|  0%| F|  |TAMS 0x0000000091800000| PB 0x0000000091800000| Untracked 
| 281|0x0000000091900000, 0x0000000091900000, 0x0000000091a00000|  0%| F|  |TAMS 0x0000000091900000| PB 0x0000000091900000| Untracked 
| 282|0x0000000091a00000, 0x0000000091a00000, 0x0000000091b00000|  0%| F|  |TAMS 0x0000000091a00000| PB 0x0000000091a00000| Untracked 
| 283|0x0000000091b00000, 0x0000000091b00000, 0x0000000091c00000|  0%| F|  |TAMS 0x0000000091b00000| PB 0x0000000091b00000| Untracked 
| 284|0x0000000091c00000, 0x0000000091c00000, 0x0000000091d00000|  0%| F|  |TAMS 0x0000000091c00000| PB 0x0000000091c00000| Untracked 
| 285|0x0000000091d00000, 0x0000000091d00000, 0x0000000091e00000|  0%| F|  |TAMS 0x0000000091d00000| PB 0x0000000091d00000| Untracked 
| 286|0x0000000091e00000, 0x0000000091e00000, 0x0000000091f00000|  0%| F|  |TAMS 0x0000000091e00000| PB 0x0000000091e00000| Untracked 
| 287|0x0000000091f00000, 0x0000000091f00000, 0x0000000092000000|  0%| F|  |TAMS 0x0000000091f00000| PB 0x0000000091f00000| Untracked 
| 288|0x0000000092000000, 0x0000000092000000, 0x0000000092100000|  0%| F|  |TAMS 0x0000000092000000| PB 0x0000000092000000| Untracked 
| 289|0x0000000092100000, 0x0000000092100000, 0x0000000092200000|  0%| F|  |TAMS 0x0000000092100000| PB 0x0000000092100000| Untracked 
| 290|0x0000000092200000, 0x0000000092200000, 0x0000000092300000|  0%| F|  |TAMS 0x0000000092200000| PB 0x0000000092200000| Untracked 
| 291|0x0000000092300000, 0x0000000092300000, 0x0000000092400000|  0%| F|  |TAMS 0x0000000092300000| PB 0x0000000092300000| Untracked 
| 292|0x0000000092400000, 0x0000000092400000, 0x0000000092500000|  0%| F|  |TAMS 0x0000000092400000| PB 0x0000000092400000| Untracked 
| 293|0x0000000092500000, 0x0000000092500000, 0x0000000092600000|  0%| F|  |TAMS 0x0000000092500000| PB 0x0000000092500000| Untracked 
| 294|0x0000000092600000, 0x0000000092600000, 0x0000000092700000|  0%| F|  |TAMS 0x0000000092600000| PB 0x0000000092600000| Untracked 
| 295|0x0000000092700000, 0x0000000092700000, 0x0000000092800000|  0%| F|  |TAMS 0x0000000092700000| PB 0x0000000092700000| Untracked 
| 296|0x0000000092800000, 0x0000000092800000, 0x0000000092900000|  0%| F|  |TAMS 0x0000000092800000| PB 0x0000000092800000| Untracked 
| 297|0x0000000092900000, 0x0000000092900000, 0x0000000092a00000|  0%| F|  |TAMS 0x0000000092900000| PB 0x0000000092900000| Untracked 
| 298|0x0000000092a00000, 0x0000000092a00000, 0x0000000092b00000|  0%| F|  |TAMS 0x0000000092a00000| PB 0x0000000092a00000| Untracked 
| 299|0x0000000092b00000, 0x0000000092b00000, 0x0000000092c00000|  0%| F|  |TAMS 0x0000000092b00000| PB 0x0000000092b00000| Untracked 
| 300|0x0000000092c00000, 0x0000000092c00000, 0x0000000092d00000|  0%| F|  |TAMS 0x0000000092c00000| PB 0x0000000092c00000| Untracked 
| 301|0x0000000092d00000, 0x0000000092d00000, 0x0000000092e00000|  0%| F|  |TAMS 0x0000000092d00000| PB 0x0000000092d00000| Untracked 
| 302|0x0000000092e00000, 0x0000000092e00000, 0x0000000092f00000|  0%| F|  |TAMS 0x0000000092e00000| PB 0x0000000092e00000| Untracked 
| 303|0x0000000092f00000, 0x0000000092f00000, 0x0000000093000000|  0%| F|  |TAMS 0x0000000092f00000| PB 0x0000000092f00000| Untracked 
| 304|0x0000000093000000, 0x0000000093000000, 0x0000000093100000|  0%| F|  |TAMS 0x0000000093000000| PB 0x0000000093000000| Untracked 
| 305|0x0000000093100000, 0x0000000093100000, 0x0000000093200000|  0%| F|  |TAMS 0x0000000093100000| PB 0x0000000093100000| Untracked 
| 306|0x0000000093200000, 0x0000000093200000, 0x0000000093300000|  0%| F|  |TAMS 0x0000000093200000| PB 0x0000000093200000| Untracked 
| 307|0x0000000093300000, 0x0000000093300000, 0x0000000093400000|  0%| F|  |TAMS 0x0000000093300000| PB 0x0000000093300000| Untracked 
| 308|0x0000000093400000, 0x0000000093400000, 0x0000000093500000|  0%| F|  |TAMS 0x0000000093400000| PB 0x0000000093400000| Untracked 
| 309|0x0000000093500000, 0x0000000093500000, 0x0000000093600000|  0%| F|  |TAMS 0x0000000093500000| PB 0x0000000093500000| Untracked 
| 310|0x0000000093600000, 0x0000000093600000, 0x0000000093700000|  0%| F|  |TAMS 0x0000000093600000| PB 0x0000000093600000| Untracked 
| 311|0x0000000093700000, 0x0000000093700000, 0x0000000093800000|  0%| F|  |TAMS 0x0000000093700000| PB 0x0000000093700000| Untracked 
| 312|0x0000000093800000, 0x0000000093800000, 0x0000000093900000|  0%| F|  |TAMS 0x0000000093800000| PB 0x0000000093800000| Untracked 
| 313|0x0000000093900000, 0x0000000093900000, 0x0000000093a00000|  0%| F|  |TAMS 0x0000000093900000| PB 0x0000000093900000| Untracked 
| 314|0x0000000093a00000, 0x0000000093a00000, 0x0000000093b00000|  0%| F|  |TAMS 0x0000000093a00000| PB 0x0000000093a00000| Untracked 
| 315|0x0000000093b00000, 0x0000000093b00000, 0x0000000093c00000|  0%| F|  |TAMS 0x0000000093b00000| PB 0x0000000093b00000| Untracked 
| 316|0x0000000093c00000, 0x0000000093c00000, 0x0000000093d00000|  0%| F|  |TAMS 0x0000000093c00000| PB 0x0000000093c00000| Untracked 
| 317|0x0000000093d00000, 0x0000000093d00000, 0x0000000093e00000|  0%| F|  |TAMS 0x0000000093d00000| PB 0x0000000093d00000| Untracked 
| 318|0x0000000093e00000, 0x0000000093e00000, 0x0000000093f00000|  0%| F|  |TAMS 0x0000000093e00000| PB 0x0000000093e00000| Untracked 
| 319|0x0000000093f00000, 0x0000000093f00000, 0x0000000094000000|  0%| F|  |TAMS 0x0000000093f00000| PB 0x0000000093f00000| Untracked 
| 320|0x0000000094000000, 0x0000000094000000, 0x0000000094100000|  0%| F|  |TAMS 0x0000000094000000| PB 0x0000000094000000| Untracked 
| 321|0x0000000094100000, 0x0000000094100000, 0x0000000094200000|  0%| F|  |TAMS 0x0000000094100000| PB 0x0000000094100000| Untracked 
| 322|0x0000000094200000, 0x0000000094200000, 0x0000000094300000|  0%| F|  |TAMS 0x0000000094200000| PB 0x0000000094200000| Untracked 
| 323|0x0000000094300000, 0x0000000094300000, 0x0000000094400000|  0%| F|  |TAMS 0x0000000094300000| PB 0x0000000094300000| Untracked 
| 324|0x0000000094400000, 0x0000000094400000, 0x0000000094500000|  0%| F|  |TAMS 0x0000000094400000| PB 0x0000000094400000| Untracked 
| 325|0x0000000094500000, 0x0000000094500000, 0x0000000094600000|  0%| F|  |TAMS 0x0000000094500000| PB 0x0000000094500000| Untracked 
| 326|0x0000000094600000, 0x0000000094600000, 0x0000000094700000|  0%| F|  |TAMS 0x0000000094600000| PB 0x0000000094600000| Untracked 
| 327|0x0000000094700000, 0x0000000094700000, 0x0000000094800000|  0%| F|  |TAMS 0x0000000094700000| PB 0x0000000094700000| Untracked 
| 328|0x0000000094800000, 0x0000000094800000, 0x0000000094900000|  0%| F|  |TAMS 0x0000000094800000| PB 0x0000000094800000| Untracked 
| 329|0x0000000094900000, 0x0000000094900000, 0x0000000094a00000|  0%| F|  |TAMS 0x0000000094900000| PB 0x0000000094900000| Untracked 
|2002|0x00000000fd200000, 0x00000000fd200000, 0x00000000fd300000|  0%| F|  |TAMS 0x00000000fd200000| PB 0x00000000fd200000| Untracked 
|2003|0x00000000fd300000, 0x00000000fd300000, 0x00000000fd400000|  0%| F|  |TAMS 0x00000000fd300000| PB 0x00000000fd300000| Untracked 
|2004|0x00000000fd400000, 0x00000000fd400000, 0x00000000fd500000|  0%| F|  |TAMS 0x00000000fd400000| PB 0x00000000fd400000| Untracked 
|2005|0x00000000fd500000, 0x00000000fd500000, 0x00000000fd600000|  0%| F|  |TAMS 0x00000000fd500000| PB 0x00000000fd500000| Untracked 
|2006|0x00000000fd600000, 0x00000000fd600000, 0x00000000fd700000|  0%| F|  |TAMS 0x00000000fd600000| PB 0x00000000fd600000| Untracked 
|2007|0x00000000fd700000, 0x00000000fd700000, 0x00000000fd800000|  0%| F|  |TAMS 0x00000000fd700000| PB 0x00000000fd700000| Untracked 
|2008|0x00000000fd800000, 0x00000000fd800000, 0x00000000fd900000|  0%| F|  |TAMS 0x00000000fd800000| PB 0x00000000fd800000| Untracked 
|2009|0x00000000fd900000, 0x00000000fd900000, 0x00000000fda00000|  0%| F|  |TAMS 0x00000000fd900000| PB 0x00000000fd900000| Untracked 
|2010|0x00000000fda00000, 0x00000000fdb00000, 0x00000000fdb00000|100%| O|  |TAMS 0x00000000fda00000| PB 0x00000000fda00000| Untracked 
|2011|0x00000000fdb00000, 0x00000000fdb00000, 0x00000000fdc00000|  0%| F|  |TAMS 0x00000000fdb00000| PB 0x00000000fdb00000| Untracked 
|2012|0x00000000fdc00000, 0x00000000fdc00000, 0x00000000fdd00000|  0%| F|  |TAMS 0x00000000fdc00000| PB 0x00000000fdc00000| Untracked 
|2013|0x00000000fdd00000, 0x00000000fdd00000, 0x00000000fde00000|  0%| F|  |TAMS 0x00000000fdd00000| PB 0x00000000fdd00000| Untracked 
|2014|0x00000000fde00000, 0x00000000fde00000, 0x00000000fdf00000|  0%| F|  |TAMS 0x00000000fde00000| PB 0x00000000fde00000| Untracked 
|2015|0x00000000fdf00000, 0x00000000fdf00000, 0x00000000fe000000|  0%| F|  |TAMS 0x00000000fdf00000| PB 0x00000000fdf00000| Untracked 
|2016|0x00000000fe000000, 0x00000000fe000000, 0x00000000fe100000|  0%| F|  |TAMS 0x00000000fe000000| PB 0x00000000fe000000| Untracked 
|2017|0x00000000fe100000, 0x00000000fe100000, 0x00000000fe200000|  0%| F|  |TAMS 0x00000000fe100000| PB 0x00000000fe100000| Untracked 
|2018|0x00000000fe200000, 0x00000000fe200000, 0x00000000fe300000|  0%| F|  |TAMS 0x00000000fe200000| PB 0x00000000fe200000| Untracked 
|2019|0x00000000fe300000, 0x00000000fe300000, 0x00000000fe400000|  0%| F|  |TAMS 0x00000000fe300000| PB 0x00000000fe300000| Untracked 
|2020|0x00000000fe400000, 0x00000000fe400000, 0x00000000fe500000|  0%| F|  |TAMS 0x00000000fe400000| PB 0x00000000fe400000| Untracked 
|2021|0x00000000fe500000, 0x00000000fe500000, 0x00000000fe600000|  0%| F|  |TAMS 0x00000000fe500000| PB 0x00000000fe500000| Untracked 
|2022|0x00000000fe600000, 0x00000000fe600000, 0x00000000fe700000|  0%| F|  |TAMS 0x00000000fe600000| PB 0x00000000fe600000| Untracked 
|2023|0x00000000fe700000, 0x00000000fe700000, 0x00000000fe800000|  0%| F|  |TAMS 0x00000000fe700000| PB 0x00000000fe700000| Untracked 
|2024|0x00000000fe800000, 0x00000000fe800000, 0x00000000fe900000|  0%| F|  |TAMS 0x00000000fe800000| PB 0x00000000fe800000| Untracked 
|2025|0x00000000fe900000, 0x00000000fe900000, 0x00000000fea00000|  0%| F|  |TAMS 0x00000000fe900000| PB 0x00000000fe900000| Untracked 
|2026|0x00000000fea00000, 0x00000000fea00000, 0x00000000feb00000|  0%| F|  |TAMS 0x00000000fea00000| PB 0x00000000fea00000| Untracked 
|2027|0x00000000feb00000, 0x00000000fec00000, 0x00000000fec00000|100%| O|  |TAMS 0x00000000feb00000| PB 0x00000000feb00000| Untracked 
|2028|0x00000000fec00000, 0x00000000fed00000, 0x00000000fed00000|100%| O|  |TAMS 0x00000000fec00000| PB 0x00000000fec00000| Untracked 
|2029|0x00000000fed00000, 0x00000000fee00000, 0x00000000fee00000|100%| O|  |TAMS 0x00000000fed00000| PB 0x00000000fed00000| Untracked 
|2030|0x00000000fee00000, 0x00000000fef00000, 0x00000000fef00000|100%| O|  |TAMS 0x00000000fee00000| PB 0x00000000fee00000| Untracked 
|2031|0x00000000fef00000, 0x00000000fef00000, 0x00000000ff000000|  0%| F|  |TAMS 0x00000000fef00000| PB 0x00000000fef00000| Untracked 
|2032|0x00000000ff000000, 0x00000000ff100000, 0x00000000ff100000|100%| O|  |TAMS 0x00000000ff000000| PB 0x00000000ff000000| Untracked 
|2033|0x00000000ff100000, 0x00000000ff200000, 0x00000000ff200000|100%| O|  |TAMS 0x00000000ff100000| PB 0x00000000ff100000| Untracked 
|2034|0x00000000ff200000, 0x00000000ff300000, 0x00000000ff300000|100%| O|  |TAMS 0x00000000ff200000| PB 0x00000000ff200000| Untracked 
|2035|0x00000000ff300000, 0x00000000ff400000, 0x00000000ff400000|100%| O|  |TAMS 0x00000000ff300000| PB 0x00000000ff300000| Untracked 
|2036|0x00000000ff400000, 0x00000000ff500000, 0x00000000ff500000|100%| O|  |TAMS 0x00000000ff400000| PB 0x00000000ff400000| Untracked 
|2037|0x00000000ff500000, 0x00000000ff500000, 0x00000000ff600000|  0%| F|  |TAMS 0x00000000ff500000| PB 0x00000000ff500000| Untracked 
|2038|0x00000000ff600000, 0x00000000ff600000, 0x00000000ff700000|  0%| F|  |TAMS 0x00000000ff600000| PB 0x00000000ff600000| Untracked 
|2039|0x00000000ff700000, 0x00000000ff700000, 0x00000000ff800000|  0%| F|  |TAMS 0x00000000ff700000| PB 0x00000000ff700000| Untracked 
|2040|0x00000000ff800000, 0x00000000ff800000, 0x00000000ff900000|  0%| F|  |TAMS 0x00000000ff800000| PB 0x00000000ff800000| Untracked 
|2041|0x00000000ff900000, 0x00000000ff900000, 0x00000000ffa00000|  0%| F|  |TAMS 0x00000000ff900000| PB 0x00000000ff900000| Untracked 
|2042|0x00000000ffa00000, 0x00000000ffa00000, 0x00000000ffb00000|  0%| F|  |TAMS 0x00000000ffa00000| PB 0x00000000ffa00000| Untracked 
|2043|0x00000000ffb00000, 0x00000000ffb00000, 0x00000000ffc00000|  0%| F|  |TAMS 0x00000000ffb00000| PB 0x00000000ffb00000| Untracked 
|2044|0x00000000ffc00000, 0x00000000ffc00000, 0x00000000ffd00000|  0%| F|  |TAMS 0x00000000ffc00000| PB 0x00000000ffc00000| Untracked 
|2045|0x00000000ffd00000, 0x00000000ffd00000, 0x00000000ffe00000|  0%| F|  |TAMS 0x00000000ffd00000| PB 0x00000000ffd00000| Untracked 
|2046|0x00000000ffe00000, 0x00000000ffe00000, 0x00000000fff00000|  0%| F|  |TAMS 0x00000000ffe00000| PB 0x00000000ffe00000| Untracked 
|2047|0x00000000fff00000, 0x00000000fff00000, 0x0000000100000000|  0%| F|  |TAMS 0x00000000fff00000| PB 0x00000000fff00000| Untracked 

Card table byte_map: [0x00000258b8480000,0x00000258b8880000] _byte_map_base: 0x00000258b8080000

Marking Bits: (CMBitMap*) 0x00000258a5c41fd0
 Bits: [0x00000258b8880000, 0x00000258ba880000)

Polling page: 0x00000258a3a20000

Metaspace:

Usage:
  Non-class:    118.49 MB used.
      Class:     18.59 MB used.
       Both:    137.08 MB used.

Virtual space:
  Non-class space:      128.00 MB reserved,     119.75 MB ( 94%) committed,  2 nodes.
      Class space:        1.00 GB reserved,      19.81 MB (  2%) committed,  1 nodes.
             Both:        1.12 GB reserved,     139.56 MB ( 12%) committed. 

Chunk freelists:
   Non-Class:  7.44 MB
       Class:  12.17 MB
        Both:  19.61 MB

MaxMetaspaceSize: unlimited
CompressedClassSpaceSize: 1.00 GB
Initial GC threshold: 21.00 MB
Current GC threshold: 232.62 MB
CDS: off
 - commit_granule_bytes: 65536.
 - commit_granule_words: 8192.
 - virtual_space_node_default_size: 8388608.
 - enlarge_chunks_in_place: 1.
 - use_allocation_guard: 0.


Internal statistics:

num_allocs_failed_limit: 6.
num_arena_births: 4938.
num_arena_deaths: 0.
num_vsnodes_births: 3.
num_vsnodes_deaths: 0.
num_space_committed: 2224.
num_space_uncommitted: 0.
num_chunks_returned_to_freelist: 6.
num_chunks_taken_from_freelist: 11027.
num_chunk_merges: 6.
num_chunk_splits: 7179.
num_chunks_enlarged: 4477.
num_inconsistent_stats: 0.

CodeHeap 'non-profiled nmethods': size=120000Kb used=14678Kb max_used=14720Kb free=105321Kb
 bounds [0x00000258b0820000, 0x00000258b16b0000, 0x00000258b7d50000]
CodeHeap 'profiled nmethods': size=120000Kb used=29214Kb max_used=34195Kb free=90785Kb
 bounds [0x00000258a8d50000, 0x00000258aaed0000, 0x00000258b0280000]
CodeHeap 'non-nmethods': size=5760Kb used=2280Kb max_used=2385Kb free=3480Kb
 bounds [0x00000258b0280000, 0x00000258b04f0000, 0x00000258b0820000]
CodeCache: size=245760Kb, used=46172Kb, max_used=51300Kb, free=199586Kb
 total_blobs=16591, nmethods=15656, adapters=837, full_count=0
Compilation: enabled, stopped_count=0, restarted_count=0

Compilation events (20 events):
Event: 232.155 Thread 0x00000258bd48f510 nmethod 22103 0x00000258b1283d10 code [0x00000258b1283ea0, 0x00000258b1283fd0]
Event: 232.156 Thread 0x00000258bd48f510 22105       4       java.time.LocalDate::compareTo0 (40 bytes)
Event: 232.157 Thread 0x00000258bd48f510 nmethod 22105 0x00000258b0936c90 code [0x00000258b0936e20, 0x00000258b0936ef0]
Event: 232.157 Thread 0x00000258bd48f510 22104       4       kotlin.text.Regex::matches (18 bytes)
Event: 232.224 Thread 0x00000258bd48f510 nmethod 22104 0x00000258b1022110 code [0x00000258b1022320, 0x00000258b1022ee0]
Event: 232.227 Thread 0x00000258bd48f510 22106       4       com.android.tools.build.jetifier.processor.archive.Archive$Builder::extractFile (39 bytes)
Event: 232.331 Thread 0x00000258bd48f510 nmethod 22106 0x00000258b1092990 code [0x00000258b1092ce0, 0x00000258b10947c0]
Event: 232.332 Thread 0x00000258bd48f510 22109       4       java.util.Arrays::binarySearch0 (83 bytes)
Event: 232.350 Thread 0x00000258bd48f510 nmethod 22109 0x00000258b08f8610 code [0x00000258b08f87c0, 0x00000258b08f89e0]
Event: 232.350 Thread 0x00000258bd48f510 22108       4       java.util.zip.ZipInputStream::closeEntry (31 bytes)
Event: 232.430 Thread 0x00000258bd48f510 nmethod 22108 0x00000258b14c5910 code [0x00000258b14c5b20, 0x00000258b14c6080]
Event: 232.430 Thread 0x00000258bd48f510 22107       4       java.util.zip.ZipInputStream::available (15 bytes)
Event: 232.431 Thread 0x00000258bd48f510 nmethod 22107 0x00000258b0940710 code [0x00000258b09408a0, 0x00000258b0940970]
Event: 232.725 Thread 0x00000258bd48f510 22110       4       org.objectweb.asm.ByteVector::<init> (13 bytes)
Event: 232.727 Thread 0x00000258bd48f510 nmethod 22110 0x00000258b129c110 code [0x00000258b129c2a0, 0x00000258b129c490]
Event: 232.761 Thread 0x00000258bd48f510 22111       4       org.objectweb.asm.AnnotationWriter::computeParameterAnnotationsSize (51 bytes)
Event: 232.766 Thread 0x00000258bd48f510 nmethod 22111 0x00000258b098c210 code [0x00000258b098c3a0, 0x00000258b098c548]
Event: 232.826 Thread 0x00000258bd48f510 22112       4       java.time.zone.ZoneRules::getOffsetInfo (278 bytes)
Event: 232.879 Thread 0x00000258bd48f510 nmethod 22112 0x00000258b0d8c390 code [0x00000258b0d8c540, 0x00000258b0d8c858]
Event: 232.879 Thread 0x00000258bd48f510 22116       4       kotlin.text.StringsKt__StringsJVMKt::endsWith$default (15 bytes)

GC Heap History (20 events):
Event: 203.914 GC heap after
{Heap after GC invocations=79 (full 0):
 garbage-first heap   total 384000K, used 154025K [0x0000000080000000, 0x0000000100000000)
  region size 1024K, 3 young (3072K), 3 survivors (3072K)
 Metaspace       used 139037K, committed 141568K, reserved 1179648K
  class space    used 18928K, committed 20160K, reserved 1048576K
}
Event: 213.072 GC heap before
{Heap before GC invocations=79 (full 0):
 garbage-first heap   total 384000K, used 352681K [0x0000000080000000, 0x0000000100000000)
  region size 1024K, 198 young (202752K), 3 survivors (3072K)
 Metaspace       used 139353K, committed 141888K, reserved 1179648K
  class space    used 18955K, committed 20160K, reserved 1048576K
}
Event: 213.128 GC heap after
{Heap after GC invocations=80 (full 0):
 garbage-first heap   total 384000K, used 156849K [0x0000000080000000, 0x0000000100000000)
  region size 1024K, 6 young (6144K), 6 survivors (6144K)
 Metaspace       used 139353K, committed 141888K, reserved 1179648K
  class space    used 18955K, committed 20160K, reserved 1048576K
}
Event: 215.390 GC heap before
{Heap before GC invocations=80 (full 0):
 garbage-first heap   total 384000K, used 260273K [0x0000000080000000, 0x0000000100000000)
  region size 1024K, 109 young (111616K), 6 survivors (6144K)
 Metaspace       used 139364K, committed 141888K, reserved 1179648K
  class space    used 18956K, committed 20160K, reserved 1048576K
}
Event: 215.615 GC heap after
{Heap after GC invocations=81 (full 0):
 garbage-first heap   total 384000K, used 156020K [0x0000000080000000, 0x0000000100000000)
  region size 1024K, 5 young (5120K), 5 survivors (5120K)
 Metaspace       used 139364K, committed 141888K, reserved 1179648K
  class space    used 18956K, committed 20160K, reserved 1048576K
}
Event: 218.446 GC heap before
{Heap before GC invocations=82 (full 0):
 garbage-first heap   total 384000K, used 362868K [0x0000000080000000, 0x0000000100000000)
  region size 1024K, 205 young (209920K), 5 survivors (5120K)
 Metaspace       used 139820K, committed 142336K, reserved 1179648K
  class space    used 18983K, committed 20224K, reserved 1048576K
}
Event: 218.473 GC heap after
{Heap after GC invocations=83 (full 0):
 garbage-first heap   total 384000K, used 160386K [0x0000000080000000, 0x0000000100000000)
  region size 1024K, 10 young (10240K), 10 survivors (10240K)
 Metaspace       used 139820K, committed 142336K, reserved 1179648K
  class space    used 18983K, committed 20224K, reserved 1048576K
}
Event: 219.777 GC heap before
{Heap before GC invocations=83 (full 0):
 garbage-first heap   total 384000K, used 361090K [0x0000000080000000, 0x0000000100000000)
  region size 1024K, 206 young (210944K), 10 survivors (10240K)
 Metaspace       used 139863K, committed 142400K, reserved 1179648K
  class space    used 18983K, committed 20224K, reserved 1048576K
}
Event: 219.787 GC heap after
{Heap after GC invocations=84 (full 0):
 garbage-first heap   total 384000K, used 160886K [0x0000000080000000, 0x0000000100000000)
  region size 1024K, 11 young (11264K), 11 survivors (11264K)
 Metaspace       used 139863K, committed 142400K, reserved 1179648K
  class space    used 18983K, committed 20224K, reserved 1048576K
}
Event: 220.921 GC heap before
{Heap before GC invocations=84 (full 0):
 garbage-first heap   total 384000K, used 367734K [0x0000000080000000, 0x0000000100000000)
  region size 1024K, 207 young (211968K), 11 survivors (11264K)
 Metaspace       used 139917K, committed 142464K, reserved 1179648K
  class space    used 18988K, committed 20224K, reserved 1048576K
}
Event: 220.981 GC heap after
{Heap after GC invocations=85 (full 0):
 garbage-first heap   total 384000K, used 160512K [0x0000000080000000, 0x0000000100000000)
  region size 1024K, 13 young (13312K), 13 survivors (13312K)
 Metaspace       used 139917K, committed 142464K, reserved 1179648K
  class space    used 18988K, committed 20224K, reserved 1048576K
}
Event: 222.021 GC heap before
{Heap before GC invocations=85 (full 0):
 garbage-first heap   total 384000K, used 363264K [0x0000000080000000, 0x0000000100000000)
  region size 1024K, 209 young (214016K), 13 survivors (13312K)
 Metaspace       used 140307K, committed 142912K, reserved 1179648K
  class space    used 19029K, committed 20288K, reserved 1048576K
}
Event: 222.072 GC heap after
{Heap after GC invocations=86 (full 0):
 garbage-first heap   total 385024K, used 167431K [0x0000000080000000, 0x0000000100000000)
  region size 1024K, 20 young (20480K), 20 survivors (20480K)
 Metaspace       used 140307K, committed 142912K, reserved 1179648K
  class space    used 19029K, committed 20288K, reserved 1048576K
}
Event: 223.687 GC heap before
{Heap before GC invocations=86 (full 0):
 garbage-first heap   total 385024K, used 360967K [0x0000000080000000, 0x0000000100000000)
  region size 1024K, 210 young (215040K), 20 survivors (20480K)
 Metaspace       used 140326K, committed 142912K, reserved 1179648K
  class space    used 19029K, committed 20288K, reserved 1048576K
}
Event: 223.703 GC heap after
{Heap after GC invocations=87 (full 0):
 garbage-first heap   total 385024K, used 165925K [0x0000000080000000, 0x0000000100000000)
  region size 1024K, 14 young (14336K), 14 survivors (14336K)
 Metaspace       used 140326K, committed 142912K, reserved 1179648K
  class space    used 19029K, committed 20288K, reserved 1048576K
}
Event: 224.135 GC heap before
{Heap before GC invocations=87 (full 0):
 garbage-first heap   total 385024K, used 258085K [0x0000000080000000, 0x0000000100000000)
  region size 1024K, 105 young (107520K), 14 survivors (14336K)
 Metaspace       used 140347K, committed 142912K, reserved 1179648K
  class space    used 19029K, committed 20288K, reserved 1048576K
}
Event: 224.178 GC heap after
{Heap after GC invocations=88 (full 0):
 garbage-first heap   total 385024K, used 169123K [0x0000000080000000, 0x0000000100000000)
  region size 1024K, 17 young (17408K), 17 survivors (17408K)
 Metaspace       used 140347K, committed 142912K, reserved 1179648K
  class space    used 19029K, committed 20288K, reserved 1048576K
}
Event: 228.161 GC heap before
{Heap before GC invocations=89 (full 0):
 garbage-first heap   total 385024K, used 364707K [0x0000000080000000, 0x0000000100000000)
  region size 1024K, 207 young (211968K), 17 survivors (17408K)
 Metaspace       used 140353K, committed 142912K, reserved 1179648K
  class space    used 19029K, committed 20288K, reserved 1048576K
}
Event: 228.273 GC heap after
{Heap after GC invocations=90 (full 0):
 garbage-first heap   total 385024K, used 166183K [0x0000000080000000, 0x0000000100000000)
  region size 1024K, 13 young (13312K), 13 survivors (13312K)
 Metaspace       used 140353K, committed 142912K, reserved 1179648K
  class space    used 19029K, committed 20288K, reserved 1048576K
}
Event: 232.893 GC heap before
{Heap before GC invocations=90 (full 0):
 garbage-first heap   total 385024K, used 366887K [0x0000000080000000, 0x0000000100000000)
  region size 1024K, 206 young (210944K), 13 survivors (13312K)
 Metaspace       used 140369K, committed 142912K, reserved 1179648K
  class space    used 19033K, committed 20288K, reserved 1048576K
}

Dll operation events (3 events):
Event: 0.238 Loaded shared library D:\YANG LAMA\Android stdio\jbr\bin\java.dll
Event: 0.404 Loaded shared library D:\YANG LAMA\Android stdio\jbr\bin\zip.dll
Event: 9.061 Loaded shared library D:\YANG LAMA\Android stdio\jbr\bin\verify.dll

Deoptimization events (20 events):
Event: 225.443 Thread 0x00000258c2d2f380 DEOPT PACKING pc=0x00000258aa9dedbb sp=0x000000c2315fa930
Event: 225.443 Thread 0x00000258c2d2f380 DEOPT UNPACKING pc=0x00000258b02d85e2 sp=0x000000c2315f9d50 mode 0
Event: 225.444 Thread 0x00000258c2d2f380 DEOPT PACKING pc=0x00000258aaec54e2 sp=0x000000c2315faee0
Event: 225.618 Thread 0x00000258c2d2f380 DEOPT UNPACKING pc=0x00000258b02d85e2 sp=0x000000c2315fa5f0 mode 0
Event: 226.397 Thread 0x00000258c2d2f380 DEOPT PACKING pc=0x00000258aa9dedbb sp=0x000000c2315fae60
Event: 226.397 Thread 0x00000258c2d2f380 DEOPT UNPACKING pc=0x00000258b02d85e2 sp=0x000000c2315fa280 mode 0
Event: 226.552 Thread 0x00000258c2d2c590 DEOPT PACKING pc=0x00000258aa9dedbb sp=0x000000c2313fae50
Event: 226.552 Thread 0x00000258c2d2c590 DEOPT UNPACKING pc=0x00000258b02d85e2 sp=0x000000c2313fa270 mode 0
Event: 227.399 Thread 0x00000258c2d2f380 Uncommon trap: trap_request=0xffffff45 fr.pc=0x00000258b0cabbd4 relative=0x0000000000002814
Event: 227.399 Thread 0x00000258c2d2f380 Uncommon trap: reason=unstable_if action=reinterpret pc=0x00000258b0cabbd4 method=org.objectweb.asm.MethodWriter.putMethodInfo(Lorg/objectweb/asm/ByteVector;)V @ 399 c2
Event: 227.399 Thread 0x00000258c2d2f380 DEOPT PACKING pc=0x00000258b0cabbd4 sp=0x000000c2315fb620
Event: 227.399 Thread 0x00000258c2d2f380 DEOPT UNPACKING pc=0x00000258b02d7aa2 sp=0x000000c2315fb5c8 mode 2
Event: 229.482 Thread 0x00000258c2d2f380 Uncommon trap: trap_request=0xffffff45 fr.pc=0x00000258b11ca060 relative=0x0000000000000680
Event: 229.482 Thread 0x00000258c2d2f380 Uncommon trap: reason=unstable_if action=reinterpret pc=0x00000258b11ca060 method=java.lang.String.replace(CC)Ljava/lang/String; @ 9 c2
Event: 229.482 Thread 0x00000258c2d2f380 DEOPT PACKING pc=0x00000258b11ca060 sp=0x000000c2315fb0c0
Event: 229.482 Thread 0x00000258c2d2f380 DEOPT UNPACKING pc=0x00000258b02d7aa2 sp=0x000000c2315fafa8 mode 2
Event: 229.637 Thread 0x00000258c2d2f380 Uncommon trap: trap_request=0xffffff45 fr.pc=0x00000258b08e88ac relative=0x000000000000064c
Event: 229.637 Thread 0x00000258c2d2f380 Uncommon trap: reason=unstable_if action=reinterpret pc=0x00000258b08e88ac method=java.lang.String.replace(CC)Ljava/lang/String; @ 9 c2
Event: 229.637 Thread 0x00000258c2d2f380 DEOPT PACKING pc=0x00000258b08e88ac sp=0x000000c2315fafd0
Event: 229.637 Thread 0x00000258c2d2f380 DEOPT UNPACKING pc=0x00000258b02d7aa2 sp=0x000000c2315faf80 mode 2

Classes loaded (20 events):
Event: 188.956 Loading class java/util/zip/Deflater$DeflaterZStreamRef
Event: 188.977 Loading class java/util/zip/Deflater$DeflaterZStreamRef done
Event: 189.806 Loading class java/nio/channels/FileChannel$MapMode
Event: 190.062 Loading class java/nio/channels/FileChannel$MapMode done
Event: 190.065 Loading class jdk/internal/misc/ExtendedMapMode
Event: 190.101 Loading class jdk/internal/misc/ExtendedMapMode done
Event: 190.501 Loading class sun/nio/ch/FileChannelImpl$DefaultUnmapper
Event: 190.556 Loading class sun/nio/ch/FileChannelImpl$Unmapper
Event: 190.566 Loading class jdk/internal/access/foreign/UnmapperProxy
Event: 190.583 Loading class jdk/internal/access/foreign/UnmapperProxy done
Event: 190.583 Loading class sun/nio/ch/FileChannelImpl$Unmapper done
Event: 190.583 Loading class sun/nio/ch/FileChannelImpl$DefaultUnmapper done
Event: 190.592 Loading class sun/nio/ch/Util$4
Event: 190.623 Loading class sun/nio/ch/Util$4 done
Event: 209.826 Loading class java/util/zip/ZipFile$ZipEntryIterator
Event: 209.914 Loading class java/util/zip/ZipFile$ZipEntryIterator done
Event: 210.059 Loading class java/io/PushbackInputStream
Event: 210.116 Loading class java/io/PushbackInputStream done
Event: 221.560 Loading class java/lang/StringIndexOutOfBoundsException
Event: 221.633 Loading class java/lang/StringIndexOutOfBoundsException done

Classes unloaded (0 events):
No events

Classes redefined (0 events):
No events

Internal exceptions (20 events):
Event: 232.128 Thread 0x00000258c2d300a0 Exception <a 'sun/nio/fs/WindowsException'{0x000000008dd6f530}> (0x000000008dd6f530) 
thrown [s\src\hotspot\share\prims\jni.cpp, line 537]
Event: 232.128 Thread 0x00000258c2d300a0 Exception <a 'sun/nio/fs/WindowsException'{0x000000008dd70c68}> (0x000000008dd70c68) 
thrown [s\src\hotspot\share\prims\jni.cpp, line 537]
Event: 232.128 Thread 0x00000258c2d300a0 Exception <a 'sun/nio/fs/WindowsException'{0x000000008dd71798}> (0x000000008dd71798) 
thrown [s\src\hotspot\share\prims\jni.cpp, line 537]
Event: 232.133 Thread 0x00000258c2d300a0 Exception <a 'sun/nio/fs/WindowsException'{0x000000008dd791d8}> (0x000000008dd791d8) 
thrown [s\src\hotspot\share\prims\jni.cpp, line 537]
Event: 232.133 Thread 0x00000258c2d300a0 Exception <a 'sun/nio/fs/WindowsException'{0x000000008dd79ff0}> (0x000000008dd79ff0) 
thrown [s\src\hotspot\share\prims\jni.cpp, line 537]
Event: 232.224 Thread 0x00000258c2d2c590 Exception <a 'sun/nio/fs/WindowsException'{0x0000000092b229b8}> (0x0000000092b229b8) 
thrown [s\src\hotspot\share\prims\jni.cpp, line 537]
Event: 232.225 Thread 0x00000258c2d2c590 Exception <a 'sun/nio/fs/WindowsException'{0x0000000092b23318}> (0x0000000092b23318) 
thrown [s\src\hotspot\share\prims\jni.cpp, line 537]
Event: 232.226 Thread 0x00000258c2d2c590 Exception <a 'sun/nio/fs/WindowsException'{0x0000000092b24a50}> (0x0000000092b24a50) 
thrown [s\src\hotspot\share\prims\jni.cpp, line 537]
Event: 232.226 Thread 0x00000258c2d2c590 Exception <a 'sun/nio/fs/WindowsException'{0x0000000092b25580}> (0x0000000092b25580) 
thrown [s\src\hotspot\share\prims\jni.cpp, line 537]
Event: 232.228 Thread 0x00000258c2d2c590 Exception <a 'sun/nio/fs/WindowsException'{0x0000000092b2cfd0}> (0x0000000092b2cfd0) 
thrown [s\src\hotspot\share\prims\jni.cpp, line 537]
Event: 232.228 Thread 0x00000258c2d2c590 Exception <a 'sun/nio/fs/WindowsException'{0x0000000092b2dde8}> (0x0000000092b2dde8) 
thrown [s\src\hotspot\share\prims\jni.cpp, line 537]
Event: 232.267 Thread 0x00000258c2d300a0 Exception <a 'sun/nio/fs/WindowsException'{0x000000008d270e50}> (0x000000008d270e50) 
thrown [s\src\hotspot\share\prims\jni.cpp, line 537]
Event: 232.279 Thread 0x00000258c2d2d2b0 Exception <a 'sun/nio/fs/WindowsException'{0x000000008dda6c88}> (0x000000008dda6c88) 
thrown [s\src\hotspot\share\prims\jni.cpp, line 537]
Event: 232.280 Thread 0x00000258c2d2d2b0 Exception <a 'sun/nio/fs/WindowsException'{0x000000008dda7aa0}> (0x000000008dda7aa0) 
thrown [s\src\hotspot\share\prims\jni.cpp, line 537]
Event: 232.494 Thread 0x00000258c2d2cc20 Exception <a 'sun/nio/fs/WindowsException'{0x000000008ddd8fb0}> (0x000000008ddd8fb0) 
thrown [s\src\hotspot\share\prims\jni.cpp, line 537]
Event: 232.495 Thread 0x00000258c2d2cc20 Exception <a 'sun/nio/fs/WindowsException'{0x000000008ddd9dc8}> (0x000000008ddd9dc8) 
thrown [s\src\hotspot\share\prims\jni.cpp, line 537]
Event: 232.587 Thread 0x00000258c2d2fa10 Exception <a 'sun/nio/fs/WindowsException'{0x000000008c3c02c0}> (0x000000008c3c02c0) 
thrown [s\src\hotspot\share\prims\jni.cpp, line 537]
Event: 232.693 Thread 0x00000258c2d2cc20 Exception <a 'sun/nio/fs/WindowsException'{0x000000008bf84150}> (0x000000008bf84150) 
thrown [s\src\hotspot\share\prims\jni.cpp, line 537]
Event: 232.851 Thread 0x00000258c2d2fa10 Exception <a 'sun/nio/fs/WindowsException'{0x000000008c00f9a0}> (0x000000008c00f9a0) 
thrown [s\src\hotspot\share\prims\jni.cpp, line 537]
Event: 232.863 Thread 0x00000258c2d2c590 Exception <a 'sun/nio/fs/WindowsException'{0x000000008b0d0ba0}> (0x000000008b0d0ba0) 
thrown [s\src\hotspot\share\prims\jni.cpp, line 537]

ZGC Phase Switch (0 events):
No events

VM Operations (20 events):
Event: 224.179 Executing safepoint VM operation: G1TryInitiateConcMark (G1 Humongous Allocation) done
Event: 225.182 Executing safepoint VM operation: Cleanup
Event: 225.296 Executing safepoint VM operation: Cleanup done
Event: 225.602 Executing safepoint VM operation: G1PauseRemark
Event: 226.076 Executing safepoint VM operation: G1PauseRemark done
Event: 226.575 Executing safepoint VM operation: G1PauseCleanup
Event: 226.621 Executing safepoint VM operation: G1PauseCleanup done
Event: 227.626 Executing safepoint VM operation: Cleanup
Event: 227.724 Executing safepoint VM operation: Cleanup done
Event: 228.147 Executing safepoint VM operation: G1CollectForAllocation (G1 Evacuation Pause)
Event: 228.273 Executing safepoint VM operation: G1CollectForAllocation (G1 Evacuation Pause) done
Event: 229.275 Executing safepoint VM operation: Cleanup
Event: 229.290 Executing safepoint VM operation: Cleanup done
Event: 230.293 Executing safepoint VM operation: Cleanup
Event: 230.308 Executing safepoint VM operation: Cleanup done
Event: 231.355 Executing safepoint VM operation: Cleanup
Event: 231.355 Executing safepoint VM operation: Cleanup done
Event: 232.369 Executing safepoint VM operation: Cleanup
Event: 232.429 Executing safepoint VM operation: Cleanup done
Event: 232.892 Executing safepoint VM operation: G1CollectForAllocation (G1 Evacuation Pause)

Memory protections (0 events):
No events

Nmethod flushes (20 events):
Event: 226.050 Thread 0x00000258bd2d5750 flushing  nmethod 0x00000258aad20e10
Event: 226.050 Thread 0x00000258bd2d5750 flushing  nmethod 0x00000258aad21290
Event: 226.050 Thread 0x00000258bd2d5750 flushing  nmethod 0x00000258aad21b90
Event: 226.050 Thread 0x00000258bd2d5750 flushing  nmethod 0x00000258aad23010
Event: 226.050 Thread 0x00000258bd2d5750 flushing  nmethod 0x00000258aadc8890
Event: 226.050 Thread 0x00000258bd2d5750 flushing  nmethod 0x00000258aae17b10
Event: 226.050 Thread 0x00000258bd2d5750 flushing  nmethod 0x00000258aae18890
Event: 226.050 Thread 0x00000258bd2d5750 flushing  nmethod 0x00000258aae18f10
Event: 226.050 Thread 0x00000258bd2d5750 flushing  nmethod 0x00000258aae19b90
Event: 226.050 Thread 0x00000258bd2d5750 flushing  nmethod 0x00000258aae1eb90
Event: 226.050 Thread 0x00000258bd2d5750 flushing  nmethod 0x00000258aae37410
Event: 226.050 Thread 0x00000258bd2d5750 flushing  nmethod 0x00000258aae38210
Event: 226.050 Thread 0x00000258bd2d5750 flushing  nmethod 0x00000258aae39d90
Event: 226.050 Thread 0x00000258bd2d5750 flushing  nmethod 0x00000258aae3a610
Event: 226.050 Thread 0x00000258bd2d5750 flushing  nmethod 0x00000258aae3ad10
Event: 226.050 Thread 0x00000258bd2d5750 flushing  nmethod 0x00000258aae3b090
Event: 226.050 Thread 0x00000258bd2d5750 flushing  nmethod 0x00000258aae3bf10
Event: 226.050 Thread 0x00000258bd2d5750 flushing  nmethod 0x00000258aae3cf10
Event: 226.050 Thread 0x00000258bd2d5750 flushing  nmethod 0x00000258aae58290
Event: 226.050 Thread 0x00000258bd2d5750 flushing  nmethod 0x00000258aae5da10

Events (20 events):
Event: 124.923 Thread 0x00000258c798ac20 Thread added: 0x00000258c57ec960
Event: 125.179 Thread 0x00000258c798ac20 Thread added: 0x00000258c57ef750
Event: 125.222 Thread 0x00000258c798ac20 Thread added: 0x00000258c57e94e0
Event: 125.307 Thread 0x00000258c798ac20 Thread added: 0x00000258c57ed680
Event: 143.283 Thread 0x00000258bd48f510 Thread added: 0x00000258c64d1220
Event: 143.628 Thread 0x00000258c64d1220 Thread exited: 0x00000258c64d1220
Event: 210.177 Thread 0x00000258bd48f510 Thread added: 0x00000258c64cf010
Event: 210.179 Thread 0x00000258bd48f510 Thread added: 0x00000258c64cdba0
Event: 210.648 Thread 0x00000258c64cdba0 Thread exited: 0x00000258c64cdba0
Event: 210.680 Thread 0x00000258c64cf010 Thread exited: 0x00000258c64cf010
Event: 211.295 Thread 0x00000258bd4903c0 Thread added: 0x00000258c64cf6e0
Event: 211.807 Thread 0x00000258c64cf6e0 Thread exited: 0x00000258c64cf6e0
Event: 212.157 Thread 0x00000258bd4903c0 Thread added: 0x00000258c64cc060
Event: 212.847 Thread 0x00000258c64cc060 Thread exited: 0x00000258c64cc060
Event: 213.575 Thread 0x00000258bd48f510 Thread added: 0x00000258c64d1fc0
Event: 213.813 Thread 0x00000258c64d1fc0 Thread exited: 0x00000258c64d1fc0
Event: 216.341 Thread 0x00000258bd4903c0 Thread added: 0x00000258c64cdba0
Event: 216.626 Thread 0x00000258c64cdba0 Thread exited: 0x00000258c64cdba0
Event: 216.666 Thread 0x00000258bd48f510 Thread added: 0x00000258c64cf6e0
Event: 229.512 Thread 0x00000258c64cf6e0 Thread exited: 0x00000258c64cf6e0


Dynamic libraries:
0x00007ff708e60000 - 0x00007ff708e6a000 	D:\YANG LAMA\Android stdio\jbr\bin\java.exe
0x00007ffdefe50000 - 0x00007ffdf0067000 	C:\Windows\SYSTEM32\ntdll.dll
0x00007ffdee9c0000 - 0x00007ffdeea84000 	C:\Windows\System32\KERNEL32.DLL
0x00007ffded700000 - 0x00007ffdedab7000 	C:\Windows\System32\KERNELBASE.dll
0x00007ffddb330000 - 0x00007ffddb348000 	D:\YANG LAMA\Android stdio\jbr\bin\jli.dll
0x00007ffdedf70000 - 0x00007ffdee11f000 	C:\Windows\System32\USER32.dll
0x00007ffded280000 - 0x00007ffded2a6000 	C:\Windows\System32\win32u.dll
0x00007ffdda0c0000 - 0x00007ffdda353000 	C:\Windows\WinSxS\amd64_microsoft.windows.common-controls_6595b64144ccf1df_6.0.22621.3672_none_2713b9d173822955\COMCTL32.dll
0x00007ffdee2c0000 - 0x00007ffdee2e9000 	C:\Windows\System32\GDI32.dll
0x00007ffded160000 - 0x00007ffded278000 	C:\Windows\System32\gdi32full.dll
0x00007ffded350000 - 0x00007ffded3ea000 	C:\Windows\System32\msvcp_win.dll
0x00007ffded3f0000 - 0x00007ffded501000 	C:\Windows\System32\ucrtbase.dll
0x00007ffdedb80000 - 0x00007ffdedc27000 	C:\Windows\System32\msvcrt.dll
0x00007ffddb950000 - 0x00007ffddb96b000 	D:\YANG LAMA\Android stdio\jbr\bin\VCRUNTIME140.dll
0x00007ffdee280000 - 0x00007ffdee2b1000 	C:\Windows\System32\IMM32.DLL
0x00007ffde5b20000 - 0x00007ffde5b2c000 	D:\YANG LAMA\Android stdio\jbr\bin\vcruntime140_1.dll
0x00007ffda3a30000 - 0x00007ffda3abd000 	D:\YANG LAMA\Android stdio\jbr\bin\msvcp140.dll
0x00007ffd65590000 - 0x00007ffd66226000 	D:\YANG LAMA\Android stdio\jbr\bin\server\jvm.dll
0x00007ffdeea90000 - 0x00007ffdeeb42000 	C:\Windows\System32\ADVAPI32.dll
0x00007ffdee860000 - 0x00007ffdee908000 	C:\Windows\System32\sechost.dll
0x00007ffded2b0000 - 0x00007ffded2d8000 	C:\Windows\System32\bcrypt.dll
0x00007ffdef140000 - 0x00007ffdef254000 	C:\Windows\System32\RPCRT4.dll
0x00007ffdedde0000 - 0x00007ffdede51000 	C:\Windows\System32\WS2_32.dll
0x00007ffded030000 - 0x00007ffded07d000 	C:\Windows\SYSTEM32\POWRPROF.dll
0x00007ffde93e0000 - 0x00007ffde93ea000 	C:\Windows\SYSTEM32\VERSION.dll
0x00007ffde8560000 - 0x00007ffde8594000 	C:\Windows\SYSTEM32\WINMM.dll
0x00007ffded010000 - 0x00007ffded023000 	C:\Windows\SYSTEM32\UMPDC.dll
0x00007ffdec110000 - 0x00007ffdec128000 	C:\Windows\SYSTEM32\kernel.appcore.dll
0x00007ffde5930000 - 0x00007ffde593a000 	D:\YANG LAMA\Android stdio\jbr\bin\jimage.dll
0x00007ffdea880000 - 0x00007ffdeaab2000 	C:\Windows\SYSTEM32\DBGHELP.DLL
0x00007ffdee4d0000 - 0x00007ffdee85e000 	C:\Windows\System32\combase.dll
0x00007ffdee360000 - 0x00007ffdee437000 	C:\Windows\System32\OLEAUT32.dll
0x00007ffdc4ef0000 - 0x00007ffdc4f22000 	C:\Windows\SYSTEM32\dbgcore.DLL
0x00007ffded680000 - 0x00007ffded6fb000 	C:\Windows\System32\bcryptPrimitives.dll
0x00007ffde92b0000 - 0x00007ffde92be000 	D:\YANG LAMA\Android stdio\jbr\bin\instrument.dll
0x00007ffdb7d90000 - 0x00007ffdb7db0000 	D:\YANG LAMA\Android stdio\jbr\bin\java.dll
0x00007ffdb7d70000 - 0x00007ffdb7d88000 	D:\YANG LAMA\Android stdio\jbr\bin\zip.dll
0x00007ffdef260000 - 0x00007ffdefac9000 	C:\Windows\System32\SHELL32.dll
0x00007ffdeb0d0000 - 0x00007ffdeb9cf000 	C:\Windows\SYSTEM32\windows.storage.dll
0x00007ffdeaf90000 - 0x00007ffdeb0cf000 	C:\Windows\SYSTEM32\wintypes.dll
0x00007ffdee180000 - 0x00007ffdee279000 	C:\Windows\System32\SHCORE.dll
0x00007ffdefaf0000 - 0x00007ffdefb4e000 	C:\Windows\System32\shlwapi.dll
0x00007ffded090000 - 0x00007ffded0b7000 	C:\Windows\SYSTEM32\profapi.dll
0x00007ffde4310000 - 0x00007ffde4320000 	D:\YANG LAMA\Android stdio\jbr\bin\net.dll
0x00007ffde8e90000 - 0x00007ffde8fc6000 	C:\Windows\SYSTEM32\WINHTTP.dll
0x00007ffdec620000 - 0x00007ffdec689000 	C:\Windows\system32\mswsock.dll
0x00007ffdb7d50000 - 0x00007ffdb7d66000 	D:\YANG LAMA\Android stdio\jbr\bin\nio.dll
0x00007ffdd6d00000 - 0x00007ffdd6d10000 	D:\YANG LAMA\Android stdio\jbr\bin\verify.dll
0x00007ffdc8b70000 - 0x00007ffdc8b97000 	C:\Users\ASUS\.gradle\native\660c5614fbf4a5f2a75b1949f50a0caf5cd603558e7d8a26e50b933a0cfb79d1\windows-amd64\native-platform.dll
0x00007ffd9ad70000 - 0x00007ffd9ade7000 	C:\Users\ASUS\.gradle\native\0.2.8\x86_64-windows-gnu\gradle-fileevents.dll
0x00007ffddb9a0000 - 0x00007ffddb9a9000 	D:\YANG LAMA\Android stdio\jbr\bin\management.dll
0x00007ffddb7a0000 - 0x00007ffddb7ab000 	D:\YANG LAMA\Android stdio\jbr\bin\management_ext.dll
0x00007ffdedf60000 - 0x00007ffdedf68000 	C:\Windows\System32\PSAPI.DLL
0x00007ffdebc30000 - 0x00007ffdebc5d000 	C:\Windows\SYSTEM32\IPHLPAPI.DLL
0x00007ffdee2f0000 - 0x00007ffdee2f9000 	C:\Windows\System32\NSI.dll
0x00007ffde4030000 - 0x00007ffde4039000 	D:\YANG LAMA\Android stdio\jbr\bin\extnet.dll
0x00007ffdec870000 - 0x00007ffdec88b000 	C:\Windows\SYSTEM32\CRYPTSP.dll
0x00007ffdec130000 - 0x00007ffdec165000 	C:\Windows\system32\rsaenh.dll
0x00007ffdec710000 - 0x00007ffdec738000 	C:\Windows\SYSTEM32\USERENV.dll
0x00007ffdec890000 - 0x00007ffdec89c000 	C:\Windows\SYSTEM32\CRYPTBASE.dll
0x00007ffdb6840000 - 0x00007ffdb6848000 	C:\Windows\system32\wshunix.dll
0x00007ffdec2c0000 - 0x00007ffdec2f4000 	C:\Windows\SYSTEM32\ntmarta.dll

JVMTI agents:
C:\Users\ASUS\.gradle\wrapper\dists\gradle-9.4.1-bin\arn2x92ynaizyzdaamcbpbhtj\gradle-9.4.1\lib\agents\gradle-instrumentation-agent-9.4.1.jar path:D:\YANG LAMA\Android stdio\jbr\bin\instrument.dll, loaded, initialized, instrumentlib options:none

dbghelp: loaded successfully - version: 4.0.5 - missing functions: none
symbol engine: initialized successfully - sym options: 0x614 - pdb path: .;D:\YANG LAMA\Android stdio\jbr\bin;C:\Windows\SYSTEM32;C:\Windows\WinSxS\amd64_microsoft.windows.common-controls_6595b64144ccf1df_6.0.22621.3672_none_2713b9d173822955;D:\YANG LAMA\Android stdio\jbr\bin\server;C:\Users\ASUS\.gradle\native\660c5614fbf4a5f2a75b1949f50a0caf5cd603558e7d8a26e50b933a0cfb79d1\windows-amd64;C:\Users\ASUS\.gradle\native\0.2.8\x86_64-windows-gnu

VM Arguments:
jvm_args: --add-opens=java.base/java.lang=ALL-UNNAMED --add-opens=java.base/java.lang.invoke=ALL-UNNAMED --add-opens=java.base/java.util=ALL-UNNAMED --add-opens=java.prefs/java.util.prefs=ALL-UNNAMED --add-exports=jdk.compiler/com.sun.tools.javac.api=ALL-UNNAMED --add-exports=jdk.compiler/com.sun.tools.javac.util=ALL-UNNAMED --add-opens=java.base/java.util=ALL-UNNAMED --add-opens=java.prefs/java.util.prefs=ALL-UNNAMED --add-opens=java.base/java.nio.charset=ALL-UNNAMED --add-opens=java.base/java.net=ALL-UNNAMED --add-opens=java.base/java.util.concurrent=ALL-UNNAMED --add-opens=java.base/java.util.concurrent.atomic=ALL-UNNAMED --add-opens=java.xml/javax.xml.namespace=ALL-UNNAMED --add-opens=java.base/java.time=ALL-UNNAMED -Xmx2048m -Dfile.encoding=UTF-8 -Duser.country=ID -Duser.language=en -Duser.variant -javaagent:C:\Users\ASUS\.gradle\wrapper\dists\gradle-9.4.1-bin\arn2x92ynaizyzdaamcbpbhtj\gradle-9.4.1\lib\agents\gradle-instrumentation-agent-9.4.1.jar 
java_command: org.gradle.launcher.daemon.bootstrap.GradleDaemon 9.4.1
java_class_path (initial): C:\Users\ASUS\.gradle\wrapper\dists\gradle-9.4.1-bin\arn2x92ynaizyzdaamcbpbhtj\gradle-9.4.1\lib\gradle-daemon-main-9.4.1.jar
Launcher Type: SUN_STANDARD

[Global flags]
     intx CICompilerCount                          = 4                                         {product} {ergonomic}
     uint ConcGCThreads                            = 2                                         {product} {ergonomic}
     uint G1ConcRefinementThreads                  = 8                                         {product} {ergonomic}
   size_t G1HeapRegionSize                         = 1048576                                   {product} {ergonomic}
    uintx GCDrainStackTargetSize                   = 64                                        {product} {ergonomic}
   size_t InitialHeapSize                          = 62914560                                  {product} {ergonomic}
   size_t MarkStackSize                            = 4194304                                   {product} {ergonomic}
   size_t MaxHeapSize                              = 2147483648                                {product} {command line}
   size_t MaxNewSize                               = 1287651328                                {product} {ergonomic}
   size_t MinHeapDeltaBytes                        = 1048576                                   {product} {ergonomic}
   size_t MinHeapSize                              = 8388608                                   {product} {ergonomic}
    uintx NonNMethodCodeHeapSize                   = 5839372                                {pd product} {ergonomic}
    uintx NonProfiledCodeHeapSize                  = 122909434                              {pd product} {ergonomic}
    uintx ProfiledCodeHeapSize                     = 122909434                              {pd product} {ergonomic}
    uintx ReservedCodeCacheSize                    = 251658240                              {pd product} {ergonomic}
     bool SegmentedCodeCache                       = true                                      {product} {ergonomic}
   size_t SoftMaxHeapSize                          = 2147483648                             {manageable} {ergonomic}
     bool UseCompressedOops                        = true                           {product lp64_product} {ergonomic}
     bool UseG1GC                                  = true                                      {product} {ergonomic}
     bool UseLargePagesIndividualAllocation        = false                                  {pd product} {ergonomic}

Logging:
Log output configuration:
 #0: stdout all=warning uptime,level,tags foldmultilines=false
 #1: stderr all=off uptime,level,tags foldmultilines=false

Release file:
JAVA_VERSION="21.0.10" 
MODULES="java.base java.compiler java.datatransfer java.xml java.prefs java.desktop java.instrument java.logging java.management java.security.sasl java.naming java.rmi java.management.rmi java.net.http java.scripting java.security.jgss java.transaction.xa java.sql java.sql.rowset java.xml.crypto java.se java.smartcardio jdk.accessibility jdk.internal.jvmstat jdk.attach jdk.charsets jdk.internal.opt jdk.zipfs jdk.compiler jdk.crypto.ec jdk.crypto.cryptoki jdk.dynalink jdk.hotspot.agent jdk.httpserver jdk.internal.ed jdk.internal.le jdk.internal.vm.ci jdk.jartool jdk.javadoc jdk.jcmd jdk.jdeps jdk.jdwp.agent jdk.jdi jdk.jfr jdk.jlink jdk.jsobject jdk.localedata jdk.management jdk.management.agent jdk.management.jfr jdk.naming.dns jdk.naming.rmi jdk.net jdk.sctp jdk.security.auth jdk.security.jgss jdk.unsupported jdk.unsupported.desktop jdk.xml.dom" 
IMPLEMENTOR="JetBrains s.r.o." 
JAVA_RUNTIME_VERSION="21.0.10+-14961533-b1163.108" 
LIBC="default" 
OS_ARCH="x86_64" 
OS_NAME="Windows" 
SOURCE=".:git:1351622c2ff2" 

Environment Variables:
PATH=C:\Windows\system32;C:\Windows;C:\Windows\System32\Wbem;C:\Windows\System32\WindowsPowerShell\v1.0\;C:\Windows\System32\OpenSSH\;C:\Program Files\Git\cmd;C:\Users\ASUS\AppData\Local\Programs\Python\Python39\Scripts;C:\Users\ASUS\AppData\Local\Programs\Python\Python39;C:\Users\ASUS\.pyenv\pyenv-win\bin;C:\Users\ASUS\.pyenv\pyenv-win\shims;C:\Users\ASUS\.local\bin;C:\Users\ASUS\AppData\Local\Microsoft\WindowsApps;C:\Users\ASUS\AppData\Local\Programs\Microsoft VS Code\bin;C:\Users\ASUS\AppData\Local\Programs\Antigravity\bin;D:\Wukong\0.9.56-26060201\bin\dingsync
USERNAME=ASUS
OS=Windows_NT
PROCESSOR_IDENTIFIER=Intel64 Family 6 Model 126 Stepping 5, GenuineIntel
TMP=C:\Users\ASUS\AppData\Local\Temp
TEMP=C:\Users\ASUS\AppData\Local\Temp




Periodic native trim disabled

JNI global refs:
JNI global refs: 29, weak refs: 0

JNI global refs memory usage: 835, weak refs: 833

Process memory usage:
Resident Set Size: 371680K (9% of 3928776K total physical memory with 55304K free physical memory)

OOME stack traces (most recent first):
Classloader memory used:
Loader org.gradle.internal.classloader.VisitableURLClassLoader$InstrumentingVisitableURLClassLoader: 47408K
Loader org.gradle.internal.classloader.VisitableURLClassLoader                         : 46083K
Loader bootstrap                                                                       : 32106K
Loader org.gradle.initialization.MixInLegacyTypesClassLoader                           : 13531K
Loader jdk.internal.reflect.DelegatingClassLoader                                      : 448K
Loader org.gradle.internal.classloader.VisitableURLClassLoader                         : 243K
Loader jdk.internal.loader.ClassLoaders$AppClassLoader                                 : 197K
Loader jdk.internal.loader.ClassLoaders$PlatformClassLoader                            : 191K
Loader org.gradle.groovy.scripts.internal.DefaultScriptCompilationHandler$ScriptClassLoader: 159K

Classes loaded by more than one classloader:
Class Program                                                                         : loaded 5 times (x 72B)
Class Build_gradle                                                                    : loaded 3 times (x 126B)
Class com.google.common.collect.RegularImmutableMap$KeySet                            : loaded 2 times (x 152B)
Class org.gradle.internal.classloader.FilteringClassLoader                            : loaded 2 times (x 105B)
Class [Lcom.google.common.collect.MapMakerInternalMap$Segment;                        : loaded 2 times (x 69B)
Class com.google.common.io.FileWriteMode                                              : loaded 2 times (x 79B)
Class [Lcom.google.common.base.AbstractIterator$State;                                : loaded 2 times (x 69B)
Class com.google.common.base.CharMatcher$IsEither                                     : loaded 2 times (x 111B)
Class org.gradle.internal.classloader.ClassLoaderHierarchy                            : loaded 2 times (x 70B)
Class com.google.common.collect.AbstractMapBasedMultimap$WrappedCollection            : loaded 2 times (x 124B)
Class com.google.common.collect.ImmutableEnumSet                                      : loaded 2 times (x 146B)
Class com.google.common.util.concurrent.ExecutionError                                : loaded 2 times (x 82B)
Class com.google.common.collect.ImmutableList$1                                       : loaded 2 times (x 97B)
Class com.google.common.collect.RegularImmutableMap                                   : loaded 2 times (x 121B)
Class com.google.common.collect.ImmutableMap$MapViewOfValuesAsSingletonSets           : loaded 2 times (x 126B)
Class org.apache.commons.io.function.IOFunction                                       : loaded 2 times (x 70B)
Class com.google.common.collect.TransformedListIterator                               : loaded 2 times (x 93B)
Class [Lorg.objectweb.asm.Symbol;                                                     : loaded 2 times (x 69B)
Class org.objectweb.asm.ClassVisitor                                                  : loaded 2 times (x 88B)
Class com.google.common.collect.UnmodifiableListIterator                              : loaded 2 times (x 95B)
Class com.google.common.collect.MapMakerInternalMap$StrongKeyDummyValueEntry$LinkedStrongKeyDummyValueEntry: loaded 2 times (x 82B)
Class com.google.common.collect.MapMakerInternalMap$Strength                          : loaded 2 times (x 80B)
Class com.google.common.base.Platform$JdkPatternCompiler                              : loaded 2 times (x 75B)
Class org.objectweb.asm.MethodTooLargeException                                       : loaded 2 times (x 83B)
Class [Lcom.google.common.cache.CacheBuilder$OneWeigher;                              : loaded 2 times (x 69B)
Class com.google.common.base.Suppliers                                                : loaded 2 times (x 71B)
Class org.gradle.internal.classloader.DefaultClassLoaderFactory                       : loaded 2 times (x 82B)
Class [Lcom.google.common.collect.AbstractIterator$State;                             : loaded 2 times (x 69B)
Class org.apache.commons.io.file.PathUtils                                            : loaded 2 times (x 71B)
Class com.google.common.base.CharMatcher$None                                         : loaded 2 times (x 112B)
Class org.gradle.internal.classloader.ClassLoaderVisitor                              : loaded 2 times (x 76B)
Class [Lcom.google.common.collect.ImmutableMapEntry;                                  : loaded 2 times (x 69B)
Class [Lorg.apache.commons.io.StandardLineSeparator;                                  : loaded 2 times (x 69B)
Class org.apache.commons.io.output.StringBuilderWriter                                : loaded 2 times (x 100B)
Class com.google.common.collect.ImmutableRangeSet                                     : loaded 2 times (x 115B)
Class com.google.common.collect.ListMultimap                                          : loaded 2 times (x 70B)
Class com.google.common.collect.ImmutableEnumMap                                      : loaded 2 times (x 126B)
Class com.google.common.collect.Iterators$EmptyModifiableIterator                     : loaded 2 times (x 86B)
Class com.google.common.base.Splitter                                                 : loaded 2 times (x 72B)
Class com.google.common.collect.Sets$1                                                : loaded 2 times (x 139B)
Class org.objectweb.asm.AnnotationVisitor                                             : loaded 2 times (x 78B)
Class org.gradle.api.internal.DefaultClassPathProvider                                : loaded 2 times (x 76B)
Class org.apache.commons.io.FilenameUtils                                             : loaded 2 times (x 71B)
Class com.google.common.collect.MapMakerInternalMap$Strength$1                        : loaded 2 times (x 80B)
Class com.google.common.collect.Maps$ViewCachingAbstractMap                           : loaded 2 times (x 125B)
Class com.google.common.collect.Sets$2                                                : loaded 2 times (x 139B)
Class [Lorg.gradle.api.internal.ClassPathProvider;                                    : loaded 2 times (x 69B)
Class org.gradle.api.internal.ClassPathProvider                                       : loaded 2 times (x 70B)
Class com.google.common.collect.MapMakerInternalMap$Strength$2                        : loaded 2 times (x 80B)
Class com.google.common.base.AbstractIterator$State                                   : loaded 2 times (x 79B)
Class [Lorg.objectweb.asm.AnnotationVisitor;                                          : loaded 2 times (x 69B)
Class com.google.common.collect.Sets$3                                                : loaded 2 times (x 139B)
Class com.google.common.cache.LocalCache$LocalLoadingCache                            : loaded 2 times (x 134B)
Class ijJvmDebugger1_67j0rdhc5f3pdfpbc552lu4k0$_run_closure1$_closure2                : loaded 2 times (x 140B)
Class org.gradle.internal.service.UnknownServiceException                             : loaded 2 times (x 83B)
Class com.google.common.collect.MapMakerInternalMap$StrongValueEntry                  : loaded 2 times (x 70B)
Class com.google.common.collect.Sets$4                                                : loaded 2 times (x 139B)
Class org.objectweb.asm.ModuleVisitor                                                 : loaded 2 times (x 81B)
Class com.google.common.cache.LocalCache$Strength$1                                   : loaded 2 times (x 81B)
Class org.apache.commons.io.output.QueueOutputStream                                  : loaded 2 times (x 87B)
Class com.google.common.util.concurrent.SettableFuture                                : loaded 2 times (x 114B)
Class com.google.common.cache.LocalCache$Strength$2                                   : loaded 2 times (x 81B)
Class org.objectweb.asm.Handle                                                        : loaded 2 times (x 72B)
Class com.google.common.collect.Interners$InternerImpl                                : loaded 2 times (x 75B)
Class com.google.common.collect.Interner                                              : loaded 2 times (x 70B)
Class com.google.common.collect.TransformedIterator                                   : loaded 2 times (x 80B)
Class com.google.common.base.Splitter$1                                               : loaded 2 times (x 77B)
Class com.google.common.cache.LocalCache$Strength$3                                   : loaded 2 times (x 81B)
Class com.google.common.collect.MapDifference                                         : loaded 2 times (x 70B)
Class com.google.common.collect.MapMaker$Dummy                                        : loaded 2 times (x 79B)
Class org.objectweb.asm.FieldWriter                                                   : loaded 2 times (x 78B)
Class com.google.common.cache.CacheBuilder$NullListener                               : loaded 2 times (x 82B)
Class org.gradle.internal.classpath.TransformedClassPath                              : loaded 2 times (x 96B)
Class org.gradle.internal.classloader.InstrumentingClassLoader                        : loaded 2 times (x 70B)
Class org.apache.commons.io.output.UnsynchronizedByteArrayOutputStream                : loaded 2 times (x 102B)
Class com.google.common.collect.ImmutableRangeSet$AsSet                               : loaded 2 times (x 300B)
Class com.google.common.cache.CacheLoader$FunctionToCacheLoader                       : loaded 2 times (x 75B)
Class com.google.common.base.Equivalence$Identity                                     : loaded 2 times (x 82B)
Class com.google.common.collect.ImmutableCollection$Builder                           : loaded 2 times (x 76B)
Class com.google.common.collect.BaseImmutableMultimap                                 : loaded 2 times (x 123B)
Class org.apache.commons.io.output.ByteArrayOutputStream                              : loaded 2 times (x 102B)
Class com.google.common.base.Joiner                                                   : loaded 2 times (x 79B)
Class com.google.common.base.MoreObjects                                              : loaded 2 times (x 71B)
Class [Lorg.objectweb.asm.Attribute;                                                  : loaded 2 times (x 69B)
Class com.google.common.collect.Platform                                              : loaded 2 times (x 71B)
Class [Lorg.objectweb.asm.Type;                                                       : loaded 2 times (x 69B)
Class com.google.common.collect.UnmodifiableIterator                                  : loaded 2 times (x 80B)
Class org.gradle.internal.service.ServiceLocator                                      : loaded 2 times (x 70B)
Class org.apache.commons.io.FileExistsException                                       : loaded 2 times (x 82B)
Class com.google.common.base.Ascii                                                    : loaded 2 times (x 71B)
Class com.google.common.cache.LocalCache$1                                            : loaded 2 times (x 89B)
Class com.google.common.collect.SingletonImmutableBiMap                               : loaded 2 times (x 143B)
Class com.google.common.collect.Iterators$SingletonIterator                           : loaded 2 times (x 81B)
Class com.google.common.collect.AbstractMapEntry                                      : loaded 2 times (x 81B)
Class com.google.common.collect.AbstractSetMultimap                                   : loaded 2 times (x 174B)
Class org.apache.commons.io.function.IOSupplier                                       : loaded 2 times (x 70B)
Class com.google.common.collect.MapMakerInternalMap$AbstractStrongKeyEntry            : loaded 2 times (x 80B)
Class com.google.common.collect.Sets$ImprovedAbstractSet                              : loaded 2 times (x 135B)
Class com.google.common.collect.ImmutableList$Builder                                 : loaded 2 times (x 77B)
Class com.google.common.collect.AbstractMultimap                                      : loaded 2 times (x 123B)
Class com.google.common.cache.LocalCache$2                                            : loaded 2 times (x 142B)
Class com.google.common.collect.ImmutableRangeSet$1                                   : loaded 2 times (x 210B)
Class com.google.common.collect.RegularImmutableAsList                                : loaded 2 times (x 217B)
Class com.google.common.collect.Range                                                 : loaded 2 times (x 87B)
Class com.google.common.util.concurrent.AbstractFuture$Trusted                        : loaded 2 times (x 70B)
Class com.google.common.collect.Iterators                                             : loaded 2 times (x 71B)
Class com.google.common.io.ByteSink$AsCharSink                                        : loaded 2 times (x 80B)
Class com.google.common.collect.Lists$StringAsImmutableList                           : loaded 2 times (x 207B)
Class com.google.common.util.concurrent.UncheckedExecutionException                   : loaded 2 times (x 82B)
Class org.gradle.kotlin.dsl.VersionCatalogAccessorsKt                                 : loaded 2 times (x 71B)
Class com.google.common.collect.HashMultimapGwtSerializationDependencies              : loaded 2 times (x 174B)
Class com.google.common.collect.AbstractMapBasedMultimap$KeySet$1                     : loaded 2 times (x 82B)
Class org.objectweb.asm.ClassWriter                                                   : loaded 2 times (x 106B)
Class com.google.common.base.CharMatcher$And                                          : loaded 2 times (x 112B)
Class com.google.common.cache.CacheLoader$UnsupportedLoadingOperationException        : loaded 2 times (x 82B)
Class com.google.common.base.Objects                                                  : loaded 2 times (x 71B)
Class org.objectweb.asm.FieldVisitor                                                  : loaded 2 times (x 77B)
Class com.google.common.collect.IndexedImmutableSet                                   : loaded 2 times (x 152B)
Class com.google.common.collect.ImmutableMap$1                                        : loaded 2 times (x 81B)
Class com.google.common.collect.BiMap                                                 : loaded 2 times (x 70B)
Class org.gradle.api.internal.classpath.DefaultModuleRegistry$DefaultModule           : loaded 2 times (x 82B)
Class com.google.common.primitives.Ints                                               : loaded 2 times (x 71B)
Class com.google.common.collect.AbstractIterator                                      : loaded 2 times (x 82B)
Class com.google.common.collect.ObjectArrays                                          : loaded 2 times (x 71B)
Class com.google.common.math.MathPreconditions                                        : loaded 2 times (x 71B)
Class com.google.common.collect.Multiset                                              : loaded 2 times (x 70B)
Class com.google.common.collect.ArrayListMultimapGwtSerializationDependencies         : loaded 2 times (x 172B)
Class com.google.common.collect.AbstractIndexedListIterator                           : loaded 2 times (x 96B)
Class org.apache.commons.io.output.NullOutputStream                                   : loaded 2 times (x 85B)
Class com.google.common.collect.ImmutableMapEntrySet                                  : loaded 2 times (x 152B)
Class org.gradle.api.internal.classpath.Module                                        : loaded 2 times (x 70B)
Class com.google.common.cache.Weigher                                                 : loaded 2 times (x 70B)
Class org.gradle.api.internal.classpath.UnknownModuleException                        : loaded 2 times (x 82B)
Class com.google.common.base.Stopwatch                                                : loaded 2 times (x 72B)
Class com.google.common.cache.LocalCache$Strength                                     : loaded 2 times (x 81B)
Class com.google.common.cache.Cache                                                   : loaded 2 times (x 70B)
Class ijKotlinCoroutineJvmDebugInit1_6pd8bykokncmlvqjhm5zo12gr$_run_closure1          : loaded 2 times (x 139B)
Class org.apache.commons.io.filefilter.IOFileFilter                                   : loaded 2 times (x 70B)
Class com.google.common.base.NullnessCasts                                            : loaded 2 times (x 71B)
Class com.google.common.util.concurrent.AbstractFuture$Cancellation                   : loaded 2 times (x 72B)
Class com.google.common.collect.ImmutableMap$Builder                                  : loaded 2 times (x 82B)
Class com.google.common.collect.AbstractMapBasedMultimap$WrappedCollection$WrappedIterator: loaded 2 times (x 84B)
Class com.google.common.cache.RemovalListener                                         : loaded 2 times (x 70B)
Class org.gradle.api.internal.DefaultClassPathRegistry                                : loaded 2 times (x 76B)
Class org.apache.commons.io.file.DeleteOption                                         : loaded 2 times (x 70B)
Class com.google.common.primitives.IntsMethodsForWeb                                  : loaded 2 times (x 71B)
Class com.google.common.collect.Multimap                                              : loaded 2 times (x 70B)
Class org.gradle.internal.classpath.DefaultClassPath$ImmutableUniqueList              : loaded 2 times (x 199B)
Class org.gradle.api.internal.ClassPathRegistry                                       : loaded 2 times (x 70B)
Class com.google.common.collect.NullnessCasts                                         : loaded 2 times (x 71B)
Class com.google.common.collect.MapMakerInternalMap$Segment                           : loaded 2 times (x 142B)
Class com.google.common.base.ExtraObjectsMethodsForWeb                                : loaded 2 times (x 71B)
Class org.apache.commons.io.IOUtils                                                   : loaded 2 times (x 71B)
Class com.google.common.collect.Iterators$ArrayItr                                    : loaded 2 times (x 97B)
Class com.google.common.io.ByteSink                                                   : loaded 2 times (x 76B)
Class com.google.common.cache.CacheBuilder                                            : loaded 2 times (x 72B)
Class com.google.common.collect.SingletonImmutableList                                : loaded 2 times (x 207B)
Class Settings_gradle$1                                                               : loaded 2 times (x 75B)
Class org.gradle.internal.classpath.ClassPath                                         : loaded 2 times (x 70B)
Class com.google.common.collect.Interners$InternerBuilder                             : loaded 2 times (x 76B)
Class com.google.common.io.Files$FileByteSource                                       : loaded 2 times (x 85B)
Class com.google.common.base.JdkPattern                                               : loaded 2 times (x 75B)
Class com.google.common.collect.ImmutableList$ReverseImmutableList                    : loaded 2 times (x 209B)
Class org.objectweb.asm.SymbolTable$Entry                                             : loaded 2 times (x 74B)
Class org.gradle.api.internal.classpath.DefaultModuleRegistry$DefaultModuleAlias      : loaded 2 times (x 80B)
Class org.gradle.internal.Factory                                                     : loaded 2 times (x 70B)
Class org.objectweb.asm.Edge                                                          : loaded 2 times (x 72B)
Class com.google.common.base.Suppliers$SupplierOfInstance                             : loaded 2 times (x 79B)
Class com.google.common.collect.Iterators$1                                           : loaded 2 times (x 81B)
Class com.google.common.cache.LocalCache$ComputingValueReference                      : loaded 2 times (x 96B)
Class com.google.common.collect.SingletonImmutableSet                                 : loaded 2 times (x 146B)
Class com.google.common.collect.ImmutableMap$IteratorBasedImmutableMap                : loaded 2 times (x 126B)
Class org.objectweb.asm.TypePath                                                      : loaded 2 times (x 72B)
Class com.google.common.cache.LocalCache$Segment                                      : loaded 2 times (x 154B)
Class com.google.common.collect.SortedIterable                                        : loaded 2 times (x 70B)
Class com.google.common.collect.AbstractListMultimap                                  : loaded 2 times (x 172B)
Class [Lorg.objectweb.asm.SymbolTable$Entry;                                          : loaded 2 times (x 69B)
Class com.google.common.cache.CacheLoader                                             : loaded 2 times (x 74B)
Class com.google.common.collect.Iterators$4                                           : loaded 2 times (x 82B)
Class com.google.common.collect.ImmutableBiMap                                        : loaded 2 times (x 143B)
Class org.gradle.api.internal.classpath.ModuleRegistry                                : loaded 2 times (x 70B)
Class org.gradle.internal.installation.GradleInstallation$1                           : loaded 2 times (x 75B)
Class com.google.common.base.Splitter$SplittingIterator                               : loaded 2 times (x 84B)
Class org.apache.commons.io.output.NullWriter                                         : loaded 2 times (x 99B)
Class com.google.common.collect.ImmutableSet$JdkBackedSetBuilderImpl                  : loaded 2 times (x 76B)
Class com.google.common.util.concurrent.internal.InternalFutureFailureAccess          : loaded 2 times (x 72B)
Class com.google.common.collect.Iterators$5                                           : loaded 2 times (x 82B)
Class com.google.common.base.CharMatcher$ForPredicate                                 : loaded 2 times (x 112B)
Class com.google.common.cache.LocalCache$LocalManualCache$1                           : loaded 2 times (x 75B)
Class com.google.common.base.CharMatcher$AnyOf                                        : loaded 2 times (x 112B)
Class com.google.common.collect.ImmutableCollection                                   : loaded 2 times (x 125B)
Class org.gradle.api.internal.classpath.DefaultModuleRegistry                         : loaded 2 times (x 84B)
Class com.google.common.collect.Lists                                                 : loaded 2 times (x 71B)
Class com.google.common.util.concurrent.ListenableFuture                              : loaded 2 times (x 70B)
Class com.google.common.cache.ReferenceEntry                                          : loaded 2 times (x 70B)
Class com.google.common.base.Converter                                                : loaded 2 times (x 90B)
Class com.google.common.collect.ImmutableSet$CachingAsList                            : loaded 2 times (x 148B)
Class com.google.common.collect.AbstractMapBasedMultimap                              : loaded 2 times (x 139B)
Class com.google.common.util.concurrent.AbstractFuture                                : loaded 2 times (x 106B)
Class com.google.common.base.FunctionalEquivalence                                    : loaded 2 times (x 83B)
Class com.google.common.collect.Iterators$9                                           : loaded 2 times (x 81B)
Class com.google.common.collect.ImmutableAsList                                       : loaded 2 times (x 209B)
Class org.objectweb.asm.RecordComponentVisitor                                        : loaded 2 times (x 77B)
Class com.google.common.cache.CacheLoader$SupplierToCacheLoader                       : loaded 2 times (x 75B)
Class com.google.common.collect.Maps$EntryTransformer                                 : loaded 2 times (x 70B)
Class org.gradle.internal.service.ServiceLookupException                              : loaded 2 times (x 82B)
Class com.google.common.collect.ImmutableSortedSet                                    : loaded 2 times (x 300B)
Class [Lcom.google.common.cache.LocalCache$EntryFactory;                              : loaded 2 times (x 69B)
Class org.gradle.internal.classloader.ClassLoaderFactory                              : loaded 2 times (x 70B)
Class com.google.common.collect.ImmutableMap$SerializedForm                           : loaded 2 times (x 73B)
Class org.apache.commons.io.CloseableURLConnection                                    : loaded 2 times (x 116B)
Class com.google.common.base.CommonPattern                                            : loaded 2 times (x 74B)
Class com.google.common.base.CharMatcher$IsNot                                        : loaded 2 times (x 111B)
Class com.google.common.cache.LocalCache$LocalManualCache                             : loaded 2 times (x 99B)
Class org.gradle.internal.service.CachingServiceLocator                               : loaded 2 times (x 82B)
Class com.google.common.collect.AbstractMapBasedMultimap$KeySet                       : loaded 2 times (x 137B)
Class com.google.common.collect.RegularImmutableSortedSet                             : loaded 2 times (x 300B)
Class com.google.common.math.IntMath                                                  : loaded 2 times (x 71B)
Class com.google.common.collect.MapMakerInternalMap$InternalEntry                     : loaded 2 times (x 70B)
Class com.google.common.collect.ImmutableMapEntry                                     : loaded 2 times (x 85B)
Class org.objectweb.asm.signature.SignatureVisitor                                    : loaded 2 times (x 87B)
Class com.google.common.collect.ImmutableMultimap                                     : loaded 2 times (x 147B)
Class com.google.common.base.Equivalence                                              : loaded 2 times (x 82B)
Class com.google.common.base.Function                                                 : loaded 2 times (x 70B)
Class com.google.common.collect.ImmutableMapEntry$NonTerminalImmutableMapEntry        : loaded 2 times (x 85B)
Class com.google.common.collect.IndexedImmutableSet$1                                 : loaded 2 times (x 213B)
Class org.apache.commons.io.output.AbstractByteArrayOutputStream                      : loaded 2 times (x 102B)
Class com.google.common.cache.CacheBuilder$OneWeigher                                 : loaded 2 times (x 82B)
Class com.google.common.collect.RegularImmutableList                                  : loaded 2 times (x 213B)
Class org.gradle.internal.classloader.ClasspathUtil                                   : loaded 2 times (x 71B)
Class com.google.common.util.concurrent.Uninterruptibles                              : loaded 2 times (x 71B)
Class com.google.common.collect.AbstractMapBasedMultimap$WrappedSet                   : loaded 2 times (x 142B)
Class com.google.common.util.concurrent.LazyLogger                                    : loaded 2 times (x 72B)
Class com.google.common.collect.Maps                                                  : loaded 2 times (x 71B)
Class org.gradle.api.specs.Spec                                                       : loaded 2 times (x 70B)
Class org.objectweb.asm.TypeReference                                                 : loaded 2 times (x 80B)
Class com.google.common.collect.MapMaker                                              : loaded 2 times (x 72B)
Class org.apache.commons.io.file.PathFilter                                           : loaded 2 times (x 70B)
Class [Lcom.google.common.collect.ImmutableEntry;                                     : loaded 2 times (x 69B)
Class com.google.common.cache.LocalCache$LoadingValueReference                        : loaded 2 times (x 96B)
Class com.google.common.collect.MapMakerInternalMap$StrongKeyDummyValueEntry          : loaded 2 times (x 82B)
Class com.google.common.base.Platform                                                 : loaded 2 times (x 71B)
Class com.google.common.collect.AbstractMapBasedMultimap$WrappedList                  : loaded 2 times (x 205B)
Class [Lorg.objectweb.asm.AnnotationWriter;                                           : loaded 2 times (x 69B)
Class com.google.common.collect.Maps$8                                                : loaded 2 times (x 82B)
Class [Lcom.google.common.collect.Iterators$EmptyModifiableIterator;                  : loaded 2 times (x 69B)
Class com.google.common.collect.ImmutableRangeSet$Builder                             : loaded 2 times (x 77B)
Class com.google.common.collect.Sets$SetView                                          : loaded 2 times (x 138B)
Class com.google.common.cache.LocalCache$StrongValueReference                         : loaded 2 times (x 90B)
Class com.google.common.graph.SuccessorsFunction                                      : loaded 2 times (x 70B)
Class org.objectweb.asm.Type                                                          : loaded 2 times (x 72B)
Class org.gradle.internal.classloader.VisitableURLClassLoader$InstrumentingVisitableURLClassLoader: loaded 2 times (x 123B)
Class com.google.common.collect.MapMakerInternalMap$StrongKeyDummyValueEntry$Helper   : loaded 2 times (x 79B)
Class org.apache.commons.io.FileUtils                                                 : loaded 2 times (x 71B)
Class com.google.common.io.Files$FileByteSink                                         : loaded 2 times (x 77B)
Class com.google.common.math.IntMath$1                                                : loaded 2 times (x 71B)
Class org.objectweb.asm.ByteVector                                                    : loaded 2 times (x 79B)
Class [Lcom.google.common.cache.CacheBuilder$NullListener;                            : loaded 2 times (x 69B)
Class org.gradle.internal.classloader.VisitableURLClassLoader$Spec                    : loaded 2 times (x 74B)
Class org.gradle.internal.classpath.DefaultClassPath                                  : loaded 2 times (x 90B)
Class com.google.common.base.AbstractIterator                                         : loaded 2 times (x 80B)
Class org.objectweb.asm.Symbol                                                        : loaded 2 times (x 73B)
Class com.google.common.io.Closer                                                     : loaded 2 times (x 78B)
Class com.google.common.base.CharMatcher$BitSetMatcher                                : loaded 2 times (x 112B)
Class com.google.common.collect.RegularImmutableMap$Values                            : loaded 2 times (x 207B)
Class com.google.common.collect.ImmutableSet                                          : loaded 2 times (x 145B)
Class org.gradle.internal.classloader.ClassLoaderSpec                                 : loaded 2 times (x 71B)
Class org.objectweb.asm.AnnotationWriter                                              : loaded 2 times (x 79B)
Class com.google.common.cache.CacheStats                                              : loaded 2 times (x 71B)
Class com.google.common.collect.Interners                                             : loaded 2 times (x 71B)
Class com.google.common.io.Closer$Suppressor                                          : loaded 2 times (x 70B)
Class com.google.common.io.LineProcessor                                              : loaded 2 times (x 70B)
Class org.objectweb.asm.RecordComponentWriter                                         : loaded 2 times (x 78B)
Class com.google.common.util.concurrent.AbstractFuture$Listener                       : loaded 2 times (x 72B)
Class com.google.common.base.CharMatcher$Or                                           : loaded 2 times (x 112B)
Class Settings_gradle$1$1                                                             : loaded 2 times (x 75B)
Class org.gradle.api.internal.classpath.Module$ModuleAlias                            : loaded 2 times (x 70B)
Class [Lorg.objectweb.asm.Label;                                                      : loaded 2 times (x 69B)
Class org.objectweb.asm.Attribute                                                     : loaded 2 times (x 77B)
Class com.google.common.base.Supplier                                                 : loaded 2 times (x 70B)
Class org.gradle.internal.classloader.VisitableURLClassLoader                         : loaded 2 times (x 117B)
Class org.objectweb.asm.signature.SignatureWriter                                     : loaded 2 times (x 88B)
Class Settings_gradle                                                                 : loaded 2 times (x 124B)
Class org.gradle.internal.Cast                                                        : loaded 2 times (x 71B)
Class org.gradle.api.Action                                                           : loaded 2 times (x 70B)
Class com.google.common.collect.MapMakerInternalMap                                   : loaded 2 times (x 161B)
Class com.google.common.base.Strings                                                  : loaded 2 times (x 71B)
Class com.google.common.collect.Sets                                                  : loaded 2 times (x 71B)
Class org.objectweb.asm.Handler                                                       : loaded 2 times (x 72B)
Class com.google.common.base.CharMatcher$FastMatcher                                  : loaded 2 times (x 111B)
Class com.google.common.base.Ticker                                                   : loaded 2 times (x 72B)
Class ijJvmDebugger1_67j0rdhc5f3pdfpbc552lu4k0                                        : loaded 2 times (x 171B)
Class [Lcom.google.common.cache.LocalCache$Segment;                                   : loaded 2 times (x 69B)
Class com.google.common.base.Predicate                                                : loaded 2 times (x 70B)
Class [Lcom.google.common.cache.LocalCache$Strength;                                  : loaded 2 times (x 69B)
Class com.google.common.cache.CacheBuilder$1                                          : loaded 2 times (x 85B)
Class com.google.common.collect.ImmutableMap                                          : loaded 2 times (x 120B)
Class org.gradle.internal.classpath.DefaultClassPath$ImmutableUniqueList$Builder      : loaded 2 times (x 75B)
Class com.google.common.collect.MapMakerInternalMap$WeakValueReference                : loaded 2 times (x 70B)
Class com.google.common.collect.AbstractRangeSet                                      : loaded 2 times (x 114B)
Class com.google.common.base.CharMatcher$NegatedFastMatcher                           : loaded 2 times (x 113B)
Class com.google.common.cache.LocalCache                                              : loaded 2 times (x 187B)
Class com.google.common.cache.CacheBuilder$2                                          : loaded 2 times (x 79B)
Class com.google.common.collect.ArrayListMultimap                                     : loaded 2 times (x 172B)
Class com.google.common.cache.CacheBuilder$3                                          : loaded 2 times (x 72B)
Class [Lcom.google.common.collect.AbstractMapEntry;                                   : loaded 2 times (x 69B)
Class com.google.common.collect.ImmutableEntry                                        : loaded 2 times (x 82B)
Class org.gradle.api.GradleException                                                  : loaded 2 times (x 82B)
Class org.apache.commons.io.StandardLineSeparator                                     : loaded 2 times (x 79B)
Class com.google.common.collect.CollectPreconditions                                  : loaded 2 times (x 71B)
Class [Lcom.google.common.collect.MapMakerInternalMap$Strength;                       : loaded 2 times (x 69B)
Class [Lcom.google.common.io.FileWriteMode;                                           : loaded 2 times (x 69B)
Class com.google.common.collect.SortedMapDifference                                   : loaded 2 times (x 70B)
Class com.google.common.collect.MapMakerInternalMap$StrongKeyDummyValueSegment        : loaded 2 times (x 142B)
Class com.google.common.io.Files                                                      : loaded 2 times (x 71B)
Class com.google.common.cache.LocalCache$EntryFactory                                 : loaded 2 times (x 83B)
Class [Lcom.google.common.collect.MapMaker$Dummy;                                     : loaded 2 times (x 69B)
Class com.google.common.base.CharMatcher$Whitespace                                   : loaded 2 times (x 112B)
Class com.google.common.cache.LocalCache$AbstractReferenceEntry                       : loaded 2 times (x 107B)
Class org.gradle.internal.IoActions                                                   : loaded 2 times (x 71B)
Class com.google.common.collect.ImmutableMapKeySet                                    : loaded 2 times (x 152B)
Class com.google.common.collect.ImmutableRangeSet$ComplementRanges                    : loaded 2 times (x 207B)
Class org.objectweb.asm.SymbolTable                                                   : loaded 2 times (x 72B)
Class com.google.common.cache.CacheLoader$InvalidCacheLoadException                   : loaded 2 times (x 82B)
Class com.google.common.collect.ImmutableSet$RegularSetBuilderImpl                    : loaded 2 times (x 77B)
Class com.google.common.cache.LocalCache$StrongEntry                                  : loaded 2 times (x 108B)
Class com.google.common.util.concurrent.AbstractFuture$TrustedFuture                  : loaded 2 times (x 114B)
Class com.google.common.cache.LoadingCache                                            : loaded 2 times (x 70B)
Class ijJvmDebugger1_67j0rdhc5f3pdfpbc552lu4k0$_run_closure1                          : loaded 2 times (x 139B)
Class org.objectweb.asm.MethodWriter                                                  : loaded 2 times (x 106B)
Class [Lcom.google.common.cache.Weigher;                                              : loaded 2 times (x 69B)
Class com.google.common.collect.RegularImmutableMap$BucketOverflowException           : loaded 2 times (x 82B)
Class com.google.common.collect.AbstractMapBasedMultimap$RandomAccessWrappedList      : loaded 2 times (x 205B)
Class com.google.common.collect.AbstractIterator$State                                : loaded 2 times (x 79B)
Class com.google.common.base.CharMatcher$Negated                                      : loaded 2 times (x 113B)
Class com.google.common.base.CharMatcher$Is                                           : loaded 2 times (x 111B)
Class com.google.common.cache.LocalCache$ValueReference                               : loaded 2 times (x 70B)
Class com.google.common.collect.RegularImmutableBiMap                                 : loaded 2 times (x 149B)
Class com.google.common.base.PatternCompiler                                          : loaded 2 times (x 70B)
Class com.google.common.util.concurrent.AbstractFuture$Failure                        : loaded 2 times (x 72B)
Class com.google.common.base.Equivalence$Equals                                       : loaded 2 times (x 82B)
Class com.google.common.collect.Hashing                                               : loaded 2 times (x 71B)
Class com.google.common.base.Preconditions                                            : loaded 2 times (x 71B)
Class ijKotlinCoroutineJvmDebugInit1_6pd8bykokncmlvqjhm5zo12gr$_run_closure1$_closure2: loaded 2 times (x 139B)
Class com.google.common.collect.ImmutableSetMultimap                                  : loaded 2 times (x 180B)
Class [Lorg.apache.commons.io.file.DeleteOption;                                      : loaded 2 times (x 69B)
Class com.google.common.io.CharSink                                                   : loaded 2 times (x 79B)
Class com.google.common.base.Joiner$1                                                 : loaded 2 times (x 80B)
Class org.objectweb.asm.Label                                                         : loaded 2 times (x 73B)
Class org.objectweb.asm.CurrentFrame                                                  : loaded 2 times (x 73B)
Class org.objectweb.asm.ClassTooLargeException                                        : loaded 2 times (x 83B)
Class com.google.common.base.CharMatcher                                              : loaded 2 times (x 111B)
Class com.google.common.collect.PeekingIterator                                       : loaded 2 times (x 70B)
Class com.google.common.collect.MapMakerInternalMap$InternalEntryHelper               : loaded 2 times (x 70B)
Class com.google.common.collect.Table                                                 : loaded 2 times (x 70B)
Class com.google.common.collect.Maps$IteratorBasedAbstractMap                         : loaded 2 times (x 125B)
Class com.google.common.collect.RangeGwtSerializationDependencies                     : loaded 2 times (x 71B)
Class com.google.common.base.Joiner$2                                                 : loaded 2 times (x 79B)
Class org.objectweb.asm.Frame                                                         : loaded 2 times (x 73B)
Class org.objectweb.asm.MethodVisitor                                                 : loaded 2 times (x 105B)
Class com.google.common.base.CharMatcher$1                                            : loaded 2 times (x 113B)
Class com.google.common.base.CharMatcher$NamedFastMatcher                             : loaded 2 times (x 112B)
Class com.google.common.cache.LocalCache$EntryFactory$1                               : loaded 2 times (x 83B)
Class [Lcom.google.common.cache.RemovalListener;                                      : loaded 2 times (x 69B)
Class com.google.common.collect.RangeSet                                              : loaded 2 times (x 70B)
Class com.google.common.cache.LocalCache$EntryFactory$2                               : loaded 2 times (x 83B)
Class com.google.common.collect.CollectCollectors                                     : loaded 2 times (x 71B)
Class org.objectweb.asm.ModuleWriter                                                  : loaded 2 times (x 82B)
Class com.google.common.cache.LocalCache$EntryFactory$3                               : loaded 2 times (x 83B)
Class com.google.common.base.Ticker$1                                                 : loaded 2 times (x 72B)
Class com.google.common.collect.Maps$BiMapConverter                                   : loaded 2 times (x 90B)
Class com.google.common.collect.ImmutableMapEntrySet$RegularEntrySet                  : loaded 2 times (x 152B)
Class com.google.common.collect.SetMultimap                                           : loaded 2 times (x 70B)
Class com.google.common.collect.ImmutableSet$Builder                                  : loaded 2 times (x 85B)
Class com.google.common.base.CharMatcher$InRange                                      : loaded 2 times (x 111B)
Class com.google.common.cache.LocalCache$EntryFactory$4                               : loaded 2 times (x 83B)
Class Settings_gradle$1$1$1                                                           : loaded 2 times (x 75B)
Class com.google.common.cache.LocalCache$EntryFactory$5                               : loaded 2 times (x 83B)
Class com.google.common.base.PairwiseEquivalence                                      : loaded 2 times (x 83B)
Class com.google.common.collect.HashMultimap                                          : loaded 2 times (x 174B)
Class org.apache.commons.io.output.AppendableWriter                                   : loaded 2 times (x 100B)
Class com.google.common.cache.LocalCache$EntryFactory$6                               : loaded 2 times (x 83B)
Class org.gradle.internal.installation.CurrentGradleInstallationLocator               : loaded 2 times (x 71B)
Class org.objectweb.asm.ClassReader                                                   : loaded 2 times (x 94B)
Class org.apache.commons.io.output.ThresholdingOutputStream                           : loaded 2 times (x 95B)
Class com.google.common.collect.Maps$KeySet                                           : loaded 2 times (x 137B)
Class com.google.common.collect.ImmutableSet$EmptySetBuilderImpl                      : loaded 2 times (x 76B)
Class com.google.common.cache.LocalCache$EntryFactory$7                               : loaded 2 times (x 83B)
Class com.google.common.collect.ImmutableList                                         : loaded 2 times (x 206B)
Class org.gradle.internal.service.DefaultServiceLocator                               : loaded 2 times (x 83B)
Class com.google.common.collect.Maps$EntrySet                                         : loaded 2 times (x 136B)
Class com.google.common.cache.LocalCache$EntryFactory$8                               : loaded 2 times (x 83B)
Class com.google.common.collect.ImmutableSet$SetBuilderImpl                           : loaded 2 times (x 76B)
Class ijKotlinCoroutineJvmDebugInit1_6pd8bykokncmlvqjhm5zo12gr                        : loaded 2 times (x 171B)
Class org.gradle.internal.installation.CurrentGradleInstallation                      : loaded 2 times (x 73B)
Class org.objectweb.asm.Opcodes                                                       : loaded 2 times (x 70B)
Class com.google.common.cache.CacheLoader$1                                           : loaded 2 times (x 75B)
Class com.google.common.collect.ImmutableList$SubList                                 : loaded 2 times (x 209B)
Class org.gradle.util.internal.GUtil                                                  : loaded 2 times (x 71B)
Class com.google.common.io.ByteSource                                                 : loaded 2 times (x 84B)
Class com.google.common.cache.AbstractCache$StatsCounter                              : loaded 2 times (x 70B)
Class com.google.common.collect.MapMakerInternalMap$1                                 : loaded 2 times (x 83B)
Class org.objectweb.asm.Context                                                       : loaded 2 times (x 72B)
Class com.google.common.collect.Iterators$MergingIterator                             : loaded 2 times (x 81B)
Class com.google.common.collect.RegularImmutableSet                                   : loaded 2 times (x 149B)
Class org.gradle.internal.installation.GradleInstallation                             : loaded 2 times (x 75B)
Class com.google.common.base.Splitter$Strategy                                        : loaded 2 times (x 70B)
Class com.google.common.collect.Iterables                                             : loaded 2 times (x 71B)

---------------  S Y S T E M  ---------------

OS:
 Windows 11 , 64 bit Build 22621 (10.0.22621.3958)
OS uptime: 16 days 9:34 hours

CPU: total 8 (initial active 8) (4 cores per cpu, 2 threads per core) family 6 model 126 stepping 5 microcode 0xa0, cx8, cmov, fxsr, ht, mmx, 3dnowpref, sse, sse2, sse3, ssse3, sse4.1, sse4.2, popcnt, lzcnt, tsc, tscinvbit, avx, avx2, aes, erms, clmul, bmi1, bmi2, adx, avx512f, avx512dq, avx512cd, avx512bw, avx512vl, sha, fma, vzeroupper, avx512_vpopcntdq, avx512_vpclmulqdq, avx512_vaes, avx512_vnni, clflush, clflushopt, avx512_vbmi2, avx512_vbmi, rdtscp, rdpid, fsrm, gfni, avx512_bitalg, f16c, pku, avx512_ifma
Processor Information for processor 0
  Max Mhz: 1201, Current Mhz: 1201, Mhz Limit: 1201
Processor Information for processor 1
  Max Mhz: 1201, Current Mhz: 1201, Mhz Limit: 1201
Processor Information for processor 2
  Max Mhz: 1201, Current Mhz: 1201, Mhz Limit: 1201
Processor Information for processor 3
  Max Mhz: 1201, Current Mhz: 1201, Mhz Limit: 1201
Processor Information for processor 4
  Max Mhz: 1201, Current Mhz: 1201, Mhz Limit: 1201
Processor Information for processor 5
  Max Mhz: 1201, Current Mhz: 1201, Mhz Limit: 1201
Processor Information for processor 6
  Max Mhz: 1201, Current Mhz: 1000, Mhz Limit: 1201
Processor Information for processor 7
  Max Mhz: 1201, Current Mhz: 1201, Mhz Limit: 1201

Memory: 4k page, system-wide physical 3836M (35M free)
TotalPageFile size 15612M (AvailPageFile size 43M)
current process WorkingSet (physical memory assigned to process): 375M, peak: 560M
current process commit charge ("private bytes"): 792M, peak: 884M

vm_info: OpenJDK 64-Bit Server VM (21.0.10+-14961533-b1163.108) for windows-amd64 JRE (21.0.10+-14961533-b1163.108), built on 2026-03-02T19:58:50Z by "builder" with MS VC++ 16.10 / 16.11 (VS2019)

END.
